player_name,sofascore_player_id,current_team,current_team_id,nation,group,position,
Ronwen Williams,539792,Mamelodi Sundowns,7665,South Africa,A,GK,
Sipho Chaine,903610,Orlando Pirates,7668,South Africa,A,GK,
Aubrey Modiba,837099,Mamelodi Sundowns,7665,South Africa,A,FB,
Khuliso Mudau,936047,Mamelodi Sundowns,7665,South Africa,A,FB,
Mbekezeli Mbokazi,2058228,Chicago Fire,2505,South Africa,A,CB,
Ime Okon,1507710,Hannover 96,2541,South Africa,A,CB,
Samukelo Kabini,1518180,Molde FK,661,South Africa,A,FB,
Khulumani Ndamane,1910804,Mamelodi Sundowns,7665,South Africa,A,CB,
Tholo Thabang Matuludi,1470073,Polokwane City,25002,South Africa,A,FB,
Kamogelo Sebelebele,1210653,Orlando Pirates,7668,South Africa,A,"FB, W",
Bradley Cross,1085536,Kaizer Chiefs,7663,South Africa,A,"CB, FB",
Olwethu Makhanya,1415019,Philadelphia Union,39833,South Africa,A,CB,
Teboho Mokoena,881117,Mamelodi Sundowns,7665,South Africa,A,"DM, CM",
Thalente Mbatha,1014410,Orlando Pirates,7668,South Africa,A,"DM, CM",
Jayden Adams,1049669,Mamelodi Sundowns,7665,South Africa,A,"DM, CM",
Themba Zwane,559504,Mamelodi Sundowns,7665,South Africa,A,"AM, ST",
Lyle Foster,901907,Burnley,6,South Africa,A,ST,
Evidence Makgopa,1022170,Orlando Pirates,7668,South Africa,A,ST,
Oswin Appollis,984505,Orlando Pirates,7668,South Africa,A,W,
Iqraam Rayners,991024,Mamelodi Sundowns,7665,South Africa,A,ST,
Relebohile Mofokeng,1564998,Orlando Pirates,7668,South Africa,A,"AM, W",
Thapelo Maseko,1179164,AEL Limassol,3407,South Africa,A,WM,
Tshepang Moremi,1101745,Orlando Pirates,7668,South Africa,A,W,
Ricardo Goss,966059,Siwelele FC,1113108,South Africa,A,GK,
Nkosinathi Sibisi,902117,Orlando Pirates,7668,South Africa,A,CB,
Siphephelo Sithole,822684,Tondela,38396,South Africa,A,"DM, CM",
Kim Seung-gyu,235686,FC Tokyo,3147,South Korea,A,GK,
Jo Hyeon-Woo,2033919,Daejeon Hana Citizen,7645,South Korea,A,GK,
Kim Min-jae,896569,FC Bayern München,2672,South Korea,A,CB,
Kim Moon-hwan,921263,Daejeon Hana Citizen,7645,South Korea,A,FB,
Wi-je Cho,1154613,Jeonbuk Hyundai Motors,6908,South Korea,A,CB,
Lee Tae-seok,1002355,FK Austria Wien,2203,South Korea,A,"FB, WM",
Kim Tae-hyeon,976203,Kashima Antlers,3134,South Korea,A,"CB, FB",
Jens Castrop,1019312,Borussia M'gladbach,2527,South Korea,A,"CM, AM",
Lee Gi-hyuk,1104925,Gangwon FC,34220,South Korea,A,"DM, CM, AM",
Jae-sung Lee,537552,1. FSV Mainz 05,2556,South Korea,A,"CM, AM",
Hwang Hee-chan,786186,Wolverhampton,3,South Korea,A,"W, ST",
Hwang In-beom,889689,Feyenoord,2959,South Korea,A,"DM, CM, AM",
Yang Hyun-Jun,1103531,Celtic,2352,South Korea,A,W,
Son Heung-min,111505,Los Angeles FC,274650,South Korea,A,"W, ST",
Song Bum-keun,940057,Jeonbuk Hyundai Motors,6908,South Korea,A,GK,
Young-woo Seol,1019333,FK Crvena zvezda,5149,South Korea,A,FB,
Jin-seob Park,1026069,Zhejiang,34697,South Korea,A,"CB, DM, CM",
Han-Beom Lee,1002448,FC Midtjylland,1289,South Korea,A,"CB, FB",
Kang-in Lee,917087,Paris Saint-Germain,1644,South Korea,A,"CM, W",
Seung Ho Paik,881307,Birmingham City,9,South Korea,A,"DM, CM",
Jin-gyu Kim,1009476,Jeonbuk Hyundai Motors,6908,South Korea,A,"DM, CM, AM",
Dong-gyeong Lee,932316,Ulsan HD,7653,South Korea,A,"AM, ST",
Jun-Ho Bae,1185869,Stoke City,29,South Korea,A,"AM, W",
Ji-sung Eom,1002508,Swansea City,74,South Korea,A,"WM, W",
Gue-sung Cho,1014281,FC Midtjylland,1289,South Korea,A,ST,
Hyeon-gyu Oh,1010634,Beşiktaş JK,3050,South Korea,A,ST,
Matěj Kovář,927366,PSV Eindhoven,2952,Czechia,A,GK,
Jindřich Staněk,280601,SK Slavia Praha,2216,Czechia,A,GK,
Lukáš Horníček,963744,Sporting Braga,2999,Czechia,A,GK,
Vladimír Coufal,138024,TSG Hoffenheim,2569,Czechia,A,"FB, WM",
Tomáš Holeš,151440,SK Slavia Praha,2216,Czechia,A,"CB, FB",
Ladislav Krejčí,856250,Wolverhampton,3,Czechia,A,"CB, FB",
David Zima,963084,SK Slavia Praha,2216,Czechia,A,"CB, FB",
David Jurásek,1030711,SK Slavia Praha,2216,Czechia,A,"FB, WM",
Robin Hranáč,957615,TSG Hoffenheim,2569,Czechia,A,"CB, FB",
Štěpán Chaloupek,1144329,SK Slavia Praha,2216,Czechia,A,"CB, FB",
Tomáš Souček,799041,West Ham United,37,Czechia,A,"DM, CM, AM",
Vladimír Darida,109002,FC Hardec Králové,2217,Czechia,A,"DM, CM, AM",
Lukáš Provod,846122,SK Slavia Praha,2216,Czechia,A,"AM, W",
Michal Sadílek,825731,SK Slavia Praha,2216,Czechia,A,"DM, CM",
Pavel Šulc,957604,Olympique Lyonnais,1649,Czechia,A,AM,
Jaroslav Zelený,118204,AC Sparta Praha,2218,Czechia,A,"CB, FB, WM",
David Douděra,891442,SK Slavia Praha,2216,Czechia,A,WM,
Lukáš Červ,952114,FK Viktoria Plzeň,4502,Czechia,A,"DM, CM",
Hugo Sochurek,1931626,AC Sparta Praha,2218,Czechia,A,CM,
Alexandr Sojka,1403491,FK Viktoria Plzeň,4502,Czechia,A,"CM, AM",
Denis Višinský,1088727,FK Viktoria Plzeň,4502,Czechia,A,"AM, W",
Patrik Schick,280609,Bayer 04 Leverkusen,2681,Czechia,A,ST,
Adam Hložek,963801,TSG Hoffenheim,2569,Czechia,A,"AM, ST",
Jan Kuchta,824139,AC Sparta Praha,2218,Czechia,A,ST,
Tomáš Chorý,188307,SK Slavia Praha,2216,Czechia,A,ST,
Mojmír Chytil,826049,SK Slavia Praha,2216,Czechia,A,ST,
Guillermo Ochoa,15497,AEL Limassol,3407,Mexico,A,GK,
Raúl Rangel,990408,CD Guadalajara,1938,Mexico,A,GK,
Carlos Acevedo,840519,Santos Laguna,1948,Mexico,A,GK,
Jesús Gallardo,770253,CD Toluca,1931,Mexico,A,FB,
César Montes,818406,Lokomotiv Moscow,2320,Mexico,A,CB,
Jorge Sánchez,832868,PAOK,3251,Mexico,A,"FB, WM",
Johan Vásquez,889785,Genoa,2713,Mexico,A,"CB, FB",
Israel Reyes,989236,Club América,1939,Mexico,A,"CB, FB",
Mateo Chávez,1638685,AZ Alkmaar,2950,Mexico,A,FB,
Edson Álvarez,847151,Fenerbahçe,3052,Mexico,A,"DM, CM",
Orbelín Pineda,850404,AEK Athens,3250,Mexico,A,"DM, CM, AM",
Roberto Alvarado,865500,CD Guadalajara,1938,Mexico,A,"W, ST",
Luis Romo,1172773,CD Guadalajara,1938,Mexico,A,"CB, DM, CM",
Luis Chávez,757770,Dynamo Moscow,2315,Mexico,A,"DM, CM",
Erik Lira,944068,Cruz Azul,1947,Mexico,A,"CB, DM, CM",
Gilberto Mora,1914576,Club Tijuana,36525,Mexico,A,W,
Brian Gutiérrez,1023088,CD Guadalajara,1938,Mexico,A,"CM, AM, W",
Obed Vargas,1119345,Atlético Madrid,2836,Mexico,A,"CM, DM",
Álvaro Fidalgo,838629,Real Betis,2816,Mexico,A,"DM, CM, AM",
Raúl Jiménez,192442,Fulham,43,Mexico,A,ST,
Alexis Vega,815637,CD Toluca,1931,Mexico,A,"AM, W",
Santiago Giménez,892141,AC Milan,2692,Mexico,A,ST,
César Huerta,905257,RSC Anderlecht,2900,Mexico,A,W,
Julián Quiñones,843114,Al-Qadsiah,56027,Mexico,A,"W, ST",
Guillermo Martínez,795282,Pumas UNAM,1933,Mexico,A,ST,
Armando González,1595162,CD Guadalajara,1938,Mexico,A,ST,
Nikola Vasilj,325061,FC St. Pauli,2526,Bosnia & Herzegovina,B,GK,
Martin Zlomislić,885719,HNK Rijeka,2039,Bosnia & Herzegovina,B,GK,
Mladen Jurkas,1587186,FK Borac Banja Luka,5235,Bosnia & Herzegovina,B,GK,
Sead Kolašinac,142148,Atalanta,2686,Bosnia & Herzegovina,B,"CB, FB",
Dennis Hadžikadunić,802830,Sampdoria,2711,Bosnia & Herzegovina,B,CB,
Nikola Katić,831488,FC Schalke 04,2530,Bosnia & Herzegovina,B,CB,
Tarik Muharemović,1118177,Sassuolo,2793,Bosnia & Herzegovina,B,CB,
Nihad Mujakić,858004,Gaziantep FK,5138,Bosnia & Herzegovina,B,"CB, FB",
Stjepan Radeljić,843746,HNK Rijeka,2039,Bosnia & Herzegovina,B,CB,
Nidal Čelik,1399503,RC Lens,1648,Bosnia & Herzegovina,B,"CB, FB",
Amir Hadžiahmetović,795421,Hull City,96,Bosnia & Herzegovina,B,"DM, CM",
Benjamin Tahirović,1102659,Brøndby IF,1281,Bosnia & Herzegovina,B,"DM, CM",
Armin Gigović,988893,BSC Young Boys,2445,Bosnia & Herzegovina,B,"DM, CM",
Dženis Burnić,844447,Karlsruher SC,2553,Bosnia & Herzegovina,B,CM,
Esmir Bajraktarević,1136110,PSV Eindhoven,2952,Bosnia & Herzegovina,B,W,
Amar Memić,1129610,FC Viktoria Plzeň,4502,Bosnia & Herzegovina,B,"WM, W",
Ivan Šunjić,283833,Pafos,171626,Bosnia & Herzegovina,B,"DM, CM",
Kerim Alajbegović,1425366,Red Bull Salzburg,2046,Bosnia & Herzegovina,B,W,
Ermin Mahmic,1149353,FC Slovan Liberec,2219,Bosnia & Herzegovina,B,"CM, AM",
Edin Džeko,14990,FC Schalke 04,2530,Bosnia & Herzegovina,B,ST,
Ermedin Demirović,878081,VfB Stuttgart,2677,Bosnia & Herzegovina,B,ST,
Samed Baždar,1100965,Jagiellonia Białystok,7691,Bosnia & Herzegovina,B,ST,
Jovo Lukić,927797,FC Universitatea Cluj,7734,Bosnia & Herzegovina,B,ST,
Amar Dedić,1102791,Benfica,3006,Bosnia & Herzegovina,B,FB,
Ivan Bašić,1049701,Astana,36155,Bosnia & Herzegovina,B,"DM, CM",
Haris Tabaković,259803,Borussia M'gladbach,2527,Bosnia & Herzegovina,B,ST,
Gregor Kobel,556866,Borussia Dortmund,2673,Switzerland,B,GK,
Miro Muheim,798303,Hamburger SV,2676,Switzerland,B,"FB, WM",
Silvan Widmer,157377,1. FSV Mainz 05,2556,Switzerland,B,"FB, WM",
Nico Elvedi,282229,Borussia M'gladbach,2527,Switzerland,B,CB,
Manuel Akanji,383560,Inter,2697,Switzerland,B,"CB, FB",
Denis Zakaria,770677,AS Monaco,1653,Switzerland,B,"CB, DM, CM",
Breel Embolo,352296,Stade Rennais,1658,Switzerland,B,ST,
Remo Freuler,115516,Bologna,2685,Switzerland,B,"DM, CM",
Johan Manzambi,1518931,SC Freiburg,2538,Switzerland,B,"DM, CM",
Granit Xhaka,117777,Sunderland,41,Switzerland,B,"DM, CM",
Dan Ndoye,944327,Nottingham Forest,14,Switzerland,B,W,
Yvon Mvogo,149656,Lorient,1656,Switzerland,B,GK,
Ricardo Rodríguez,67769,Real Betis,2816,Switzerland,B,"CB, FB",
Ardon Jashari,1034082,AC Milan,2692,Switzerland,B,"DM, CM",
Djibril Sow,799054,Sevilla,2833,Switzerland,B,"DM, CM",
Christian Fassnacht,787422,BSC Young Boys,2445,Switzerland,B,"CM, W",
Rubén Vargas,872919,Sevilla,2833,Switzerland,B,"AM, W",
Eray Cömert,814023,Valencia,2828,Switzerland,B,CB,
Noah Okafor,865523,Leeds United,34,Switzerland,B,"W, ST",
Michel Aebischer,850891,Pisa,2737,Switzerland,B,"DM, CM",
Marvin Keller,1005744,BSC Young Boys,2445,Switzerland,B,GK,
Fabian Rieder,929620,FC Augsburg,2600,Switzerland,B,"CM, AM",
Zeki Amdouni,990550,Burnley,6,Switzerland,B,"AM, ST",
Aurèle Amenda,999276,Eintracht Frankfurt,2674,Switzerland,B,CB,
Luca Jaquez,1127823,VfB Stuttgart,2677,Switzerland,B,CB,
Cédric Itten,352290,Fortuna Düsseldorf,2588,Switzerland,B,ST,
Dayne St. Clair,973286,Inter Miami CF,337602,Canada,B,GK,
Alistair Johnston,984419,Celtic,2352,Canada,B,CB,
Luc de Fougerolles,1413129,FCV Dender,389232,Canada,B,CB,
Alfie Jones,845426,Middlesbrough,36,Canada,B,CB,
Joel Waterman,1020472,Chicago Fire,2505,Canada,B,CB,
Mathieu Choinière,937255,Los Angeles FC,274650,Canada,B,"DM, CM",
Stephen Eustaquio,886223,Los Angeles FC,274650,Canada,B,"DM, CM",
Ismael Koné,1134351,Sassuolo,2793,Canada,B,CM,
Cyle Larin,790179,Southampton,45,Canada,B,ST,
Jonathan David,935564,Juventus,2687,Canada,B,ST,
Liam Millar,902083,Hull City,96,Canada,B,"WM, W",
Tani Oluwaseyi,1172477,Villarreal,2819,Canada,B,ST,
Derek Cornelius,801411,Rangers,2351,Canada,B,CB,
Jacob Shaffelburg,976313,Los Angeles FC,274650,Canada,B,"WM, W",
Moise Bombito,1469180,Nice,1661,Canada,B,CB,
Maxime Crépeau,155736,Orlando City SC,52237,Canada,B,GK,
Tajon Buchanan,973290,Villarreal,2819,Canada,B,"FB, WM",
Owen Goodman,1087790,Barnsley,23,Canada,B,GK,
Alphonso Davies,843665,FC Bayern München,2672,Canada,B,FB,
Ali Ahmed,1464637,Norwich City,263,Canada,B,W,
Jonathan Osorio,273031,Toronto FC,7080,Canada,B,"DM, CM, AM",
Niko Sigur,1411145,HNK Hajduk Split,2036,Canada,B,"FB, DM, CM",
Promise David,1119328,Royale Union Saint-Gilloise,4860,Canada,B,ST,
Nathan-Dylan Saliba,1093229,RSC Anderlecht,2900,Canada,B,"DM, CM",
Jayden Nelson,1002489,Austin FC,377973,Canada,B,,MUST REPLACE
Richie Laryea,829207,Toronto FC,7080,Canada,B,"FB, WM",
Homam Al-Amin,933433,Cultural Leonesa,2868,Qatar,B,FB,
Meshaal Barsham,891157,Al-Sadd,39733,Qatar,B,GK,
Salah Zakaria,985171,Al Duhail,44441,Qatar,B,GK,
Mahmud Abunad,1012458,Al-Rayyan,40660,Qatar,B,GK,
Boualem Khoukhi,233746,Al-Sadd,39733,Qatar,B,CB,
Pedro Miguel,884189,Al-Sadd,39733,Qatar,B,"CB, FB",
Lucas Mendes,243199,Al-Wakrah,44440,Qatar,B,CB,
Sultan Al-Brake,796497,Al Duhail,44441,Qatar,B,FB,
Al-Hashmi Al-Hussain,1148402,Al-Arabi SC,44444,Qatar,B,FB,
Ayoub Al Oui,1396639,Al-Gharafa,34312,Qatar,B,FB,
Issa Laye,1892282,Al-Arabi SC,44444,Qatar,B,CB,
Abdelaziz Hatem,897882,Al-Rayyan,40660,Qatar,B,"DM, CM",
Karim Boudiaf,303826,Al Duhail,44441,Qatar,B,"DM, CM",
Assim Madibo,796500,Al-Wakrah,44440,Qatar,B,"DM, CM",
Ahmed Fathi,911427,Al-Arabi SC,44444,Qatar,B,"DM, CM",
Jassem Gaber Abdulsallam,1014561,Al-Rayyan,40660,Qatar,B,"CB, FB, DM, CM",
Mohamed Naceur Almanai,1083016,Al Shamal SC,170366,Qatar,B,CM,
Tahsin Mohamed Jamshid,1501518,Al Duhail,44441,Qatar,B,W,
Hassan Al Haydos,93953,Al-Sadd,39733,Qatar,B,"CM, AM",
Akram Afif,794541,Al-Sadd,39733,Qatar,B,"W, ST",
Almoez Ali,796501,Al Duhail,44441,Qatar,B,"W, ST",
Mohammed Muntari,326185,Al-Gharafa,34312,Qatar,B,ST,
Ahmed Alaaeldin,229278,Al-Rayyan,40660,Qatar,B,ST,
Yusuf Abdurisag,985156,Al-Wakrah,44440,Qatar,B,"W, ST",
Edmilson Junior,797734,Al Duhail,44441,Qatar,B,W,
Ahmed Al-Ganehi,936542,Al-Gharafa,34312,Qatar,B,"W, ST",
Alisson,243609,Liverpool FC,44,Brazil,C,GK,
Ederson,254491,Fenerbahçe,3052,Brazil,C,GK,
Weverton,243529,Grêmio,5926,Brazil,C,GK,
Marquinhos,155995,Paris Saint-Germain,1644,Brazil,C,CB,
Alex Sandro,84854,Flamengo,5981,Brazil,C,"CB, FB",
Gabriel Magalhães,869792,Arsenal,42,Brazil,C,CB,
Bremer,885197,Juventus,2687,Brazil,C,CB,
Éderson,946888,Atalanta,2686,Brazil,C,"DM, CM",
Roger Ibañez,888949,Al-Ahli,34469,Brazil,C,CB,
Douglas Santos,243583,Zenit St. Petersburg,2321,Brazil,C,FB,
Léo Pereira,358548,Flamengo,5981,Brazil,C,CB,
Casemiro,122951,Manchester United,35,Brazil,C,"DM, CM",
Lucas Paquetá,839981,Flamengo,5981,Brazil,C,"CM, AM",
Bruno Guimarães,866469,Newcastle United,39,Brazil,C,"DM, CM",
Fabinho,243585,Al-Ittihad,34315,Brazil,C,"DM, CM",
Danilo Oliveira,1064039,Botafogo,1202826,Brazil,C,"DM, CM",
Neymar,124712,Santos,1968,Brazil,C,"AM, W, ST",
Vinícius Júnior,868812,Real Madrid,2829,Brazil,C,"W, ST",
Raphinha,831005,FC Barcelona,2817,Brazil,C,W,
Gabriel Martinelli,922573,Arsenal,42,Brazil,C,W,
Matheus Cunha,886363,Manchester United,35,Brazil,C,"AM, ST",
Endrick,1174937,Olympique Lyonnais,1649,Brazil,C,ST,
Luiz Henrique,1035995,Zenit St. Petersburg,2321,Brazil,C,W,
Igor Thiago,1016907,Brentford,50,Brazil,C,ST,
Rayan,1464966,Bournemouth,60,Brazil,C,"W, ST",
Danilo,124992,Flamengo,5981,Brazil,C,"CB, FB",
Johny Placide,37224,Bastia,1655,Haiti,C,GK,
Alexandre Pierre,1091596,FC Sochaux 2,486076,Haiti,C,GK,
Josué Duverger,936558,FC Cosmos Koblenz,483763,Haiti,C,GK,
Ricardo Adé,839638,LDU,5257,Haiti,C,CB,
Carlens Arcus,794373,Angers,1684,Haiti,C,FB,
Martin Expérience,1110369,Nancy,1675,Haiti,C,FB,
Jean-Kévin Duverne,845930,KAA Gent,2903,Haiti,C,"CB, FB",
Duke Lacroix,884301,Colorado Springs Switchbacks FC,197065,Haiti,C,"CB, FB",
Wilguens Paugain,1404526,SV Zulte Waregem,2933,Haiti,C,FB,
Hannes Delcroix,826169,FC Lugano,2443,Haiti,C,"CB, FB",
Keeto Thermoncy,1544387,Young Boys U21,309488,Haiti,C,CB,
Leverton Pierre,912050,Vizela,5136,Haiti,C,"DM, CM",
Danley Jean Jacques,1173167,Philadelphia Union,39833,Haiti,C,"DM, CM",
Jean-Ricner Bellegarde,845273,Wolverhampton,3,Haiti,C,"CM, AM",
Woodensky Pierre,1384367,Violette AC,343414,Haiti,C,CM,
Dominique Simon,1187376,1. FC Tatran Prešov,2403,Haiti,C,"DM, CM",
Duckens Nazon,796023,Esteghlal FC,34316,Haiti,C,ST,
Frantzdy Pierrot,943278,Çaykur Rizespor,3064,Haiti,C,ST,
Louicius Don Deedson,991451,FC Dallas,2512,Haiti,C,"W, ST",
Ruben Providence,954066,Almere City FC,2990,Haiti,C,W,
Josué Casimir,1035986,Auxerre,1646,Haiti,C,"WM, W",
Yassin Fortune,826211,Vizela,5136,Haiti,C,ST,
Wilson Isidor,877980,Sunderland,41,Haiti,C,"W, ST",
Lenny Joseph,1010126,Ferencváros TC,1925,Haiti,C,"W, ST",
Carl Fred Sainté,1002387,El Paso Locomotive FC,310532,Haiti,C,"CB, CM",
Derrick Etienne,828012,Toronto FC,7080,Haiti,C,W,
Bono,360938,Al-Hilal,21895,Morocco,C,GK,
Ahmed Reda Tagnaouti,359280,AS FAR Rabat,24394,Morocco,C,GK,
Achraf Hakimi,814594,Paris Saint-Germain,1644,Morocco,C,FB,
Amine Sbai,1392829,Angers,1684,Morocco,C,W,
Noussair Mazraoui,847030,Manchester United,35,Morocco,C,"CB, FB, WM",
Youssef Belammari,919484,Al Ahly FC,6910,Morocco,C,FB,
Anass Salah-Eddine,961684,PSV Eindhoven,2952,Morocco,C,FB,
Chadi Riad,1064218,Crystal Palace,7,Morocco,C,CB,
Issa Diop,825719,Fulham,43,Morocco,C,CB,
Zakaria El Ouahdi,1134470,KRC Genk,2890,Morocco,C,FB,
Redouane Halhal,1143667,KV Mechelen,5044,Morocco,C,CB,
Sofyan Amrabat,359272,Real Betis,2816,Morocco,C,"DM, CM",
Azzedine Ounahi,991421,Girona FC,24264,Morocco,C,"CM, AM",
Bilal El Khannouss,1126569,VfB Stuttgart,2677,Morocco,C,AM,
Ismael Saibari,1063767,PSV Eindhoven,2952,Morocco,C,"CM, AM",
Neil El Aynaoui,1128530,AS Roma,2702,Morocco,C,"DM, CM",
Samir El Mourabet,1605921,RC Strasbourg,1659,Morocco,C,"DM, CM",
Gessime Yassine,1638338,RC Strasbourg,1659,Morocco,C,W,
Ayyoub Bouaddi,1564180,Lille,1643,Morocco,C,"DM, CM",
Ayoub El Kaabi,919793,Olympiacos FC,3245,Morocco,C,ST,
Soufiane Rahimi,953995,Al-Ain,37082,Morocco,C,"W, ST",
Brahim Díaz,835485,Real Madrid,2829,Morocco,C,W,
Chemsdine Talbi,1142675,Sunderland,41,Morocco,C,W,
Munir El Kajoui,141967,RS Berkane,80395,Morocco,C,GK,
Marwane Saadane,847714,Al-Fateh,56023,Morocco,C,CB,
Ayoube Amaimouni Echghouyab,1898148,Eintracht Frankfurt,2674,Morocco,C,W,
Craig Gordon,9370,Heart of Midlothian,2353,Scotland,C,GK,
Angus Gunn,227946,Nottingham Forest,14,Scotland,C,GK,
Liam Kelly,287555,Rangers,4,Scotland,C,GK,
Andy Robertson,262911,Liverpool FC,44,Scotland,C,FB,
Grant Hanley,95791,Hibernian,2354,Scotland,C,CB,
Kieran Tierney,366592,Celtic,2352,Scotland,C,"CB, FB",
Scott McKenna,358108,GNK Dinamo Zagreb,2032,Scotland,C,CB,
Jack Hendry,795696,Al-Ettifaq,34318,Scotland,C,CB,
Nathan Patterson,1020141,Everton U21,36553,Scotland,C,"FB, WM",
John Souttar,287563,Rangers,2351,Scotland,C,CB,
Aaron Hickey,966869,Brentford,50,Scotland,C,"FB, WM",
Dominic Hyam,802719,Wrexham,64,Scotland,C,CB,
John McGinn,250223,Aston Villa,40,Scotland,C,"CM, W",
Scott McTominay,879346,SSC Napoli,2714,Scotland,C,"DM, CM, AM",
Ryan Christie,322391,Bournemouth,60,Scotland,C,"DM, CM",
Kenny McLean,75756,Norwich City,263,Scotland,C,"DM, CM",
Tyler Fletcher,1402850,Manchester United U21,36380,Scotland,C,"DM, CM",
Lewis Ferguson,907152,Bologna,2685,Scotland,C,"DM, CM, AM",
Ben Gannon-Doak,1154861,Bournemouth,60,Scotland,C,W,
Findlay Curtis,1489210,Kilmarnock,2347,Scotland,C,W,
Lyndon Dykes,846204,Charlton Athletic,47,Scotland,C,ST,
Che Adams,773409,Torino,2696,Scotland,C,ST,
Lawrence Shankland,237098,Heart of Midlothian,2353,Scotland,C,ST,
George Hirst,839712,Ipswich Town,32,Scotland,C,ST,
Ross Stewart,886117,Southampton,45,Scotland,C,ST,
Tony Ralston,840227,Celtic,2352,Scotland,C,FB,
Matt Turner,833943,New England Revolution,2511,USA,D,GK,
Sergiño Dest,906021,PSV Eindhoven,2952,USA,D,FB,
Chris Richards,931844,Crystal Palace,7,USA,D,"CB, FB",
Tyler Adams,800419,Bournemouth,60,USA,D,"DM, CM",
Antonee Robinson,803174,Fulham,43,USA,D,FB,
Auston Trusty,822459,Celtic,2352,USA,D,CB,
Giovanni Reyna,989056,Borussia M'gladbach,2527,USA,D,"AM, W",
Weston McKennie,881931,Juventus,2687,USA,D,"CM, AM, WM",
Ricardo Pepi,986395,PSV Eindhoven,2952,USA,D,ST,
Christian Pulišić,817957,AC Milan,2692,USA,D,"AM, W, ST",
Brenden Aaronson,973431,Leeds United,34,USA,D,AM,
Miles Robinson,868843,FC Cincinnati,215167,USA,D,"CB, FB",
Tim Ream,118179,Charlotte FC,404108,USA,D,"CB, FB",
Sebastian Berhalter,1014845,Vancouver Whitecaps,22010,USA,D,"DM, CM",
Cristian Roldán,790171,Seattle Sounders FC,22009,USA,D,"DM, CM",
Alexander Freeman,1184541,Villarreal,2819,USA,D,FB,
Malik Tillman,975798,Bayer 04 Leverkusen,2681,USA,D,"CM, AM, W",
Maximilian Arfsten,1471659,Columbus Crew,2504,USA,D,WM,
Haji Wright,818391,Coventry City,11,USA,D,"W, ST",
Folarin Balogun,934237,AS Monaco,1653,USA,D,ST,
Mark McKenzie,922759,Toulouse,1681,USA,D,"CB, FB",
Joe Scally,1002920,Borussia M'gladbach,2527,USA,D,FB,
Chris Brady,1024293,Chicago Fire,2505,USA,D,GK,
Tim Weah,855810,Olympique de Marseille,1641,USA,D,"FB, WM, W",
Matthew Freese,973436,New York City FC,187643,USA,D,GK,
Alex Zendejas,790108,Club América,1939,USA,D,W,
Samet Akaydın,863600,Çaykur Rizespor,3064,Türkiye,D,CB,
Uğurcan Çakır,754330,Galatasaray,3061,Türkiye,D,GK,
Mert Günok,39573,Fenerbahçe,3052,Türkiye,D,GK,
Altay Bayındır,815890,Manchester United,35,Türkiye,D,GK,
Merih Demiral,806968,Al-Ahli,34469,Türkiye,D,CB,
Zeki Çelik,893008,AS Roma,2702,Türkiye,D,"CB, FB, WM",
Çağlar Söyüncü,758608,Fenerbahçe,3052,Türkiye,D,CB,
Mert Müldür,836683,Fenerbahçe,3052,Türkiye,D,FB,
Ferdi Kadıoğlu,825844,Brighton & Hove Albion,30,Türkiye,D,FB,
Ozan Kabak,857740,TSG Hoffenheim,2569,Türkiye,D,"CB, FB",
Abdülkerim Bardakcı,178963,Galatasaray,3061,Türkiye,D,CB,
Eren Elmalı,981483,Galatasaray,3061,Türkiye,D,FB,
Hakan Çalhanoğlu,135700,Inter,2697,Türkiye,D,"DM, CM",
Kaan Ayhan,138152,Galatasaray,3061,Türkiye,D,"CB, FB",
Orkun Kökçü,907461,Beşiktaş JK,3050,Türkiye,D,"DM, CM, AM",
İsmail Yüksek,952600,Fenerbahçe,3052,Türkiye,D,"DM, CM",
Salih Özcan,795005,Borussia Dortmund,2673,Türkiye,D,"DM, CM",
Kerem Aktürkoğlu,903324,Fenerbahçe,3052,Türkiye,D,"W, ST",
İrfan Can Kahveci,226986,Kasımpaşa,6063,Türkiye,D,W,
Barış Alper Yılmaz,904096,Galatasaray,3061,Türkiye,D,W,
Arda Güler,1091116,Real Madrid,2829,Türkiye,D,"CM, AM, W",
Kenan Yıldız,1149011,Juventus,2687,Türkiye,D,"AM, W",
Yunus Akgün,857738,Galatasaray,3061,Türkiye,D,"AM, W",
Oğuz Aydın,999396,Fenerbahçe,3052,Türkiye,D,W,
Deniz Gül,1407720,FC Porto,3002,Türkiye,D,ST,
Can Uzun,1440948,Eintracht Frankfurt,2674,Türkiye,D,AM,
Mathew Ryan,134029,Levante UD,2849,Australia,D,GK,
Paul Izzo,155925,Randers FC,1301,Australia,D,GK,
Patrick Beach,1177240,Melbourne City,42210,Australia,D,GK,
Aziz Behich,576220,Melbourne City,42210,Australia,D,FB,
Miloš Degenek,155961,APOEL Nicosia,3398,Australia,D,CB,
Harry Souttar,808680,Leicester City,31,Australia,D,CB,
Jordan Bos,1144138,Feyenoord,2959,Australia,D,FB,
Cameron Burgess,358084,Swansea City,74,Australia,D,CB,
Jason Geria,303258,Albirex Niigata,5128,Australia,D,"CB, FB",
Kai Trewin,991364,New York City FC,187643,Australia,D,"CB, DM, CM",
Jacob Italiano,907217,Grazer AK 1902,2052,Australia,D,WM,
Lucas Herrington,1646783,Colorado Rapids,2510,Australia,D,CB,
Jackson Irvine,181581,FC St. Pauli,2526,Australia,D,"DM, CM",
Ajdin Hrustić,788284,Heracles Almelo,2977,Australia,D,"DM, CM",
Connor Metcalfe,888854,FC St. Pauli,2526,Australia,D,"DM, CM, AM, W",
Aiden O'Neill,847938,New York City FC,187643,Australia,D,"DM, CM",
Paul Okon-Engstler,1411105,Sydney FC,5971,Australia,D,"DM, CM",
Cameron Devlin,944054,Heart of Midlothian,2353,Australia,D,"DM, CM",
Mathew Leckie,122570,Melbourne City,42210,Australia,D,"CM, W",
Awer Mabil,307082,CD Castellón,5067,Australia,D,W,
Nestory Irankunda,1144687,Watford,24,Australia,D,"W, ST",
Mohamed Touré,1019061,Norwich City,263,Australia,D,ST,
Nishan Velupillay,1118467,Melbourne Victory,5970,Australia,D,W,
Cristian Volpato,1155625,Sassuolo,2793,Australia,D,"AM, W",
Tete Yengi,1096517,Machida Zelvia,44409,Australia,D,"W, ST",
Alessandro Circati,1155423,Parma,2690,Australia,D,CB,
Yahia Fofana,877977,Çaykur Rizespor,3064,Côte d'Ivoire,E,GK,
Alban Lafont,826201,Panathinaikos FC,3248,Côte d'Ivoire,E,GK,
Mohamed Koné,1131009,RC Sporting Charleroi,2898,Côte d'Ivoire,E,GK,
Ghislain Konan,831781,Gil Vicente,3010,Côte d'Ivoire,E,FB,
Odilon Kossounou,973437,Atalanta,2686,Côte d'Ivoire,E,"CB, FB",
Wilfried Singo,978285,Galatasaray,3061,Côte d'Ivoire,E,"CB, FB",
Evan Ndicka,848287,AS Roma,2702,Côte d'Ivoire,E,"CB, FB",
Emmanuel Agbadou,1013842,Beşiktaş JK,3050,Côte d'Ivoire,E,CB,
Guéla Doué,1002033,RC Strasbourg,1659,Côte d'Ivoire,E,"CB, FB",
Ousmane Diomande,1394342,Sporting CP,3001,Côte d'Ivoire,E,CB,
Christopher Opéri,858977,Başakşehir FK,3086,Côte d'Ivoire,E,FB,
Franck Kessié,359226,Al-Ahli,34469,Côte d'Ivoire,E,"DM, CM",
Jean Michaël Seri,305282,NK Maribor,2420,Côte d'Ivoire,E,"DM, CM",
Ibrahim Sangaré,843754,Nottingham Forest,14,Côte d'Ivoire,E,"DM, CM",
Seko Fofana,191188,FC Porto,3002,Côte d'Ivoire,E,"DM, CM",
Christ Inao Oulaï,1888002,Trabzonspor,3051,Côte d'Ivoire,E,"DM, CM",
Parfait Guiagon,1030459,RC Sporting Charleroi,2898,Côte d'Ivoire,E,W,
Nicolas Pépé,593526,Villarreal,2819,Côte d'Ivoire,E,"WM, W, ST",
Oumar Diakité,1188191,Cercle Brugge,2929,Côte d'Ivoire,E,ST,
Simon Adingra,1110842,AS Monaco,1653,Côte d'Ivoire,E,W,
Evann Guessand,930245,Crystal Palace,7,Côte d'Ivoire,E,"AM, W, ST",
Amad Diallo,971037,Manchester United,35,Côte d'Ivoire,E,"WM, W",
Yan Diomande,2087085,RB Leipzig,36360,Côte d'Ivoire,E,W,
Bazoumana Touré,1568123,TSG Hoffenheim,2569,Côte d'Ivoire,E,W,
Elye Wahi,979315,Nice,1661,Côte d'Ivoire,E,ST,
Ange-Yoan Bonny,1086223,Inter,2697,Côte d'Ivoire,E,ST,
Eloy Room,40859,Miami FC,218106,Curacao,E,GK,
Tyrick Bodak,1049270,SC Telstar,2972,Curacao,E,GK,
Jurien Gaari,884944,Abha,168090,Curacao,E,CB,
Roshon van Eijma,925930,RKC Waalwijk,2956,Curacao,E,CB,
Joshua Brenet,296438,Kayserispor,3072,Curacao,E,FB,
Shurandy Sambo,916926,Sparta Rotterdam,2960,Curacao,E,FB,
Armando Obispo,825838,PSV Eindhoven,2952,Curacao,E,CB,
Riechedly Bazoer,227196,Konyaspor,3085,Curacao,E,CB,
Deveron Fonville,1177177,NEC Nijmegen,2962,Curacao,E,FB,
Leandro Bacuna,74545,Iğdır FK,388264,Curacao,E,"FB, DM, CM",
Juninho Bacuna,788971,FC Volendam,2968,Curacao,E,"DM, CM, AM",
Godfried Roemeratoe,825849,RKC Waalwijk,2956,Curacao,E,"DM, CM",
Kevin Felida,896215,FC Den Bosch,2963,Curacao,E,"DM, CM",
Livano Comenencia,1136642,FC Zürich,2450,Curacao,E,"FB, CM, WM",
Ar'Jany Martha,1004277,Rotherham United,13,Curacao,E,"FB, W",
Tyrese Noslin,1469336,SC Telstar,2972,Curacao,E,WM,
Kenji Gorré,796142,Maccabi Haifa,5197,Curacao,E,"WM, W",
Brandley Kuwas,252885,FC Volendam,2968,Curacao,E,"W, ST",
Gervane Kastaneer,798178,Terengganu,3333,Curacao,E,"W, ST",
Jeremy Antonisse,1092638,AE Kifisia,120224,Curacao,E,W,
Jearl Margaritha,1036004,SK Beveren,4859,Curacao,E,W,
Jürgen Locadia,97409,Miami FC,218106,Curacao,E,ST,
Sontje Hansen,1199057,Middlesbrough,36,Curacao,E,W,
Tahith Chong,825845,Sheffield United,15,Curacao,E,"CM, AM",
Trevor Iriving Doornbusch,895013,VVV-Venlo,2980,Curacao,E,GK,
Sherel Constancio Floranus,803021,PEC Zwolle,2971,Curacao,E,FB,
Manuel Neuer,8959,FC Bayern München,2672,Germany,E,GK,
Oliver Baumann,40244,TSG Hoffenheim,2569,Germany,E,GK,
Alexander Nübel,584722,VfB Stuttgart,2677,Germany,E,GK,
Antonio Rüdiger,142622,Real Madrid,2829,Germany,E,CB,
Jonathan Tah,227672,FC Bayern München,2672,Germany,E,CB,
David Raum,856076,RB Leipzig,36360,Germany,E,FB,
Nico Schlotterbeck,940871,Borussia Dortmund,2673,Germany,E,"CB, FB",
Waldemar Anton,799046,Borussia Dortmund,2673,Germany,E,"CB, FB",
Malick Thiaw,1014286,Newcastle United,39,Germany,E,CB,
Joshua Kimmich,259117,FC Bayern München,2672,Germany,E,"DM, CM",
Leroy Sané,293519,Galatasaray,3061,Germany,E,W,
Leon Goretzka,184661,FC Bayern München,2672,Germany,E,"DM, CM",
Jamal Musiala,1010231,FC Bayern München,2672,Germany,E,AM,
Florian Wirtz,1019322,Liverpool FC,44,Germany,E,"AM, W",
Pascal Groß,48480,Brighton & Hove Albion,30,Germany,E,"DM, CM",
Nadiem Amiri,327755,1. FSV Mainz 05,2556,Germany,E,"DM, CM",
Angelo Stiller,901882,VfB Stuttgart,2677,Germany,E,"DM, CM",
Felix Nmecha,907463,Borussia Dortmund,2673,Germany,E,"DM, CM",
Jamie Leweling,990201,VfB Stuttgart,2677,Germany,E,"WM, W",
Assan Ouédraogo,1418623,RB Leipzig,36360,Germany,E,CM,
Kai Havertz,836705,Arsenal,42,Germany,E,"CM, ST",
Nick Woltemade,980623,Newcastle United,39,Germany,E,"AM, ST",
Deniz Undav,794298,VfB Stuttgart,2677,Germany,E,"AM, ST",
Nathaniel Brown,1159759,Eintracht Frankfurt,2674,Germany,E,"FB, WM",
Aleksandar Pavlović,1142251,FC Bayern München,2672,Germany,E,"DM, CM",
Maximilian Beier,980628,Borussia Dortmund,2673,Germany,E,"AM, ST",
Hernán Galíndez,588618,Huracán,7629,Ecuador,E,GK,
Félix Torres,881848,Internacional,1966,Ecuador,E,CB,
Piero Hincapié,1002837,Arsenal,42,Ecuador,E,"CB, FB",
Joel Ordóñez,1187275,Club Brugge KV,2888,Ecuador,E,CB,
Jordy Alcívar,925740,Independiente del Valle,39723,Ecuador,E,"DM, CM",
Willian Pacho,979480,Paris Saint-Germain,1644,Ecuador,E,CB,
Pervis Estupiñán,805465,AC Milan,2692,Ecuador,E,"FB, WM",
Denil Castillo,1145126,FC Midtjylland,1289,Ecuador,E,"DM, CM",
John Yeboah,879802,Venezia,2688,Ecuador,E,"W, ST",
Kendry Páez,1464025,River Plate,3211,Ecuador,E,"CM, AM",
Kevin Rodriguez,1431770,Royale Union Saint-Gilloise,4860,Ecuador,E,ST,
Moisés Ramírez,923237,AE Kifisia,120224,Ecuador,E,GK,
Enner Valencia,106456,CF Pachuca,1936,Ecuador,E,ST,
Alan Minda,1122552,Atlético Mineiro,1977,Ecuador,E,W,
Pedro Vite,1002524,Pumas UNAM,1933,Ecuador,E,"DM, CM",
Anthony Valencia,1020197,Royal Antwerp FC,2889,Ecuador,E,W,
Ángelo Preciado,881844,Atlético Mineiro,1977,Ecuador,E,"FB, WM",
Jordy Caicedo,804770,Huracán,7629,Ecuador,E,ST,
Gonzalo Plata,937937,Flamengo,5981,Ecuador,E,W,
Nilson Angulo,1116571,Sunderland,41,Ecuador,E,W,
Alan Franco,822729,Atlético Mineiro,1977,Ecuador,E,"DM, CM",
Gonzalo Valle,925484,LDU,5257,Ecuador,E,GK,
Moisés Caicedo,987650,Chelsea,38,Ecuador,E,"DM, CM",
Yaimar Medina,1106546,KRC Genk,2890,Ecuador,E,FB,
Jackson Porozo,978518,Club Tijuana,36525,Ecuador,E,CB,
Jeremy Arevalo,1464642,VfB Stuttgart U21,2522,Ecuador,E,CM,
Zion Suzuki,905351,Parma,2690,Japan,F,GK,
Tomoki Hayakawa,1100230,Kashima Antlers,3134,Japan,F,GK,
Keisuke Osako,831923,Sanfracce Hiroshima,3135,Japan,F,GK,
Yuto Nagatomo,34639,FC Tokyo,3147,Japan,F,FB,
Takehiro Tomiyasu,804434,AFC Ajax,2953,Japan,F,"CB, FB",
Ko Itakura,790989,AFC Ajax,2953,Japan,F,CB,
Shogo Taniguchi,386958,Sint-Truidense VV,2895,Japan,F,CB,
Hiroki Ito,19327,FC Bayern München,2672,Japan,F,"CB, FB",
Yukinari Sugawara,905347,SV Werder Bremen,2534,Japan,F,"FB, WM",
Ayumu Seko,873221,Le Havre,1662,Japan,F,"CB, DM, CM",
Tsuyoshi Watanabe,942213,Feyenoord,2959,Japan,F,CB,
Junnosuke Suzuki,1171902,FC København,1284,Japan,F,"CB, FB",
Wataru Endo,143040,Liverpool FC,44,Japan,F,"DM, CM",
Junya Ito,783278,KRC Genk,2890,Japan,F,"WM, W",
Ritsu Doan,790965,Eintracht Frankfurt,2674,Japan,F,"WM, W",
Daichi Kamada,794338,Crystal Palace,7,Japan,F,"DM, CM, AM",
Takefusa Kubo,880218,Real Sociedad,2824,Japan,F,W,
Ao Tanaka,871886,Leeds United,34,Japan,F,"DM, CM",
Keito Nakamura,905352,Stade de Reims,1682,Japan,F,"WM, W",
Kaishu Sano,1028307,1. FSV Mainz 05,2556,Japan,F,"DM, CM",
Ayase Ueda,985823,Feyenoord,2959,Japan,F,ST,
Daizen Maeda,832420,Celtic,2352,Japan,F,"W, ST",
Koki Ogawa,831860,NEC Nijmegen,2962,Japan,F,ST,
Yuito Suzuki,1020422,SC Freiburg,2538,Japan,F,AM,
Keisuke Goto,1391315,Sint-Truidense VV,2895,Japan,F,ST,
Kento Shiogai,1499696,VfL Wolfsburg,2524,Japan,F,ST,
Bart Verbruggen,994363,Brighton & Hove Albion,30,Netherlands,F,GK,
Mark Flekken,171919,Bayer 04 Leverkusen,2681,Netherlands,F,GK,
Robin Roefs,1012928,Sunderland,41,Netherlands,F,GK,
Virgil van Dijk,151545,Liverpool FC,44,Netherlands,F,CB,
Denzel Dumfries,759520,Inter,2697,Netherlands,F,"FB, WM",
Nathan Aké,149663,Manchester City,17,Netherlands,F,"CB, FB",
Lutsharel Geertruida,856739,Sunderland,41,Netherlands,F,"CB, FB",
Micky van de Ven,998247,Tottenham Hotspur,33,Netherlands,F,CB,
Jan Paul van Hecke,962012,Brighton & Hove Albion,30,Netherlands,F,CB,
Jorrel Hato,1153079,Chelsea,38,Netherlands,F,"CB, FB",
Frenkie de Jong,795222,FC Barcelona,2817,Netherlands,F,"DM, CM",
Marten de Roon,100389,Atalanta,2686,Netherlands,F,"DM, CM",
Tijjani Reijnders,893549,Manchester City,17,Netherlands,F,"DM, CM, AM",
Teun Koopmeiners,803033,Juventus,2687,Netherlands,F,"DM, CM, AM",
Ryan Gravenberch,904897,Liverpool FC,44,Netherlands,F,"DM, CM",
Justin Kluivert,851596,Bournemouth,60,Netherlands,F,AM,
Quinten Timber,959805,Olympique de Marseille,1641,Netherlands,F,"DM, CM",
Guus Til,845798,PSV Eindhoven,2952,Netherlands,F,"CM, AM",
Memphis Depay,138833,Corinthians,1957,Netherlands,F,ST,
Wout Weghorst,252215,AFC Ajax,2953,Netherlands,F,ST,
Donyell Malen,803039,AS Roma,2702,Netherlands,F,"W, ST",
Cody Gakpo,862967,Liverpool FC,44,Netherlands,F,W,
Noa Lang,875136,Galatasaray,3061,Netherlands,F,W,
Brian Brobbey,910048,Sunderland,41,Netherlands,F,ST,
Mats Wieffer,959628,Brighton & Hove Albion,30,Netherlands,F,"FB, DM, CM",
Crysencio Summerville,917005,West Ham United,37,Netherlands,F,W,
Jacob Widell Zetterström,978728,Derby County,27,Sweden,F,GK,
Gustaf Lagerbielke,965263,Sporting Braga,2999,Sweden,F,"CB, FB",
Victor Lindelöf,143334,Aston Villa,40,Sweden,F,CB,
Isak Hien,1157713,Atalanta,2686,Sweden,F,CB,
Gabriel Gudmundsson,834308,Leeds United,34,Sweden,F,"FB, WM",
Herman Johansson,1099794,FC Dallas,2512,Sweden,F,WM,
Daniel Svensson,1021272,Borussia Dortmund,2673,Sweden,F,"FB, WM",
Alexander Isak,823941,Liverpool FC,44,Sweden,F,ST,
Benjamin Nygren,918517,Celtic,2352,Sweden,F,"CM, AM, W",
Anthony Elanga,979232,Newcastle United,39,Sweden,F,W,
Viktor Johansson,561430,Stoke City,29,Sweden,F,GK,
Ken Sema,319847,Pafos FC,171626,Sweden,F,"FB, WM, W",
Hjalmar Ekdal,875360,Burnley,6,Sweden,F,CB,
Carl Starfelt,360718,Celta Vigo,2821,Sweden,F,CB,
Jesper Karlström,227894,Udinese,2695,Sweden,F,"DM, CM",
Viktor Gyökeres,804508,Arsenal,42,Sweden,F,ST,
Yasin Ayari,1036269,Brighton & Hove Albion,30,Sweden,F,"DM, CM",
Mattias Svanberg,796987,VfL Wolfsburg,2524,Sweden,F,"DM, CM",
Eric Smith,542038,FC St. Pauli,2526,Sweden,F,"CB, DM, CM",
Alexander Bernhardsson,980916,Holstein Kiel,2573,Sweden,F,W,
Besfort Zeneli,1173223,Royale Union Saint-Gilloise,4860,Sweden,F,"DM, CM",
Kristoffer Nordfeldt,22596,AIK,1764,Sweden,F,GK,
Elliot Stroud,1383695,Mjällby AIF,1783,Sweden,F,WM,
Gustaf Nilsson,572286,Club Brugge KV,2888,Sweden,F,ST,
Lucas Bergvall,1391251,Tottenham Hotspur,33,Sweden,F,"CM, AM",
Taha Abdi Ali,1022820,Malmö FF,1892,Sweden,F,"WM, W",
Aymen Dahmen,1198374,CS Sfaxien,44463,Tunisia,F,GK,
Sabri Ben Hessen,359312,Etoile Sportive Du Sahel,35188,Tunisia,F,GK,
Montassar Talbi,879618,Lorient,1656,Tunisia,F,CB,
Dylan Bronn,845271,Servette FC,2448,Tunisia,F,"CB, FB",
Ali Abdi,919027,Nice,1661,Tunisia,F,"FB, WM",
Yan Valery,826202,BSC Young Boys,2445,Tunisia,F,FB,
Moutaz Neffati,1391526,IFK Norrköping,1769,Tunisia,F,FB,
Omar Rekik,976251,NK Maribor,2420,Tunisia,F,CB,
Adem Arous,2018238,Kasımpaşa,6063,Tunisia,F,CB,
Raed Chikhaoui,2018330,US Monastir,59638,Tunisia,F,CB,
Ellyes Skhiri,591706,Eintracht Frankfurt,2674,Tunisia,F,"DM, CM",
Hannibal Mejbri,1009386,Burnley,6,Tunisia,F,"CM, AM",
Anis Ben Slimane,1006147,Norwich City,263,Tunisia,F,"CM, AM",
Mortadha Ben Ouanes,919225,Kasımpaşa,6063,Tunisia,F,"FB, W",
Ismael Gharbi,1113488,FC Augsburg,2600,Tunisia,F,"AM, W",
Rani Khedira,149479,1. FC Union Berlin,2547,Tunisia,F,"DM, CM",
Elias Achouri,945204,FC København,1284,Tunisia,F,"WM, W",
Firas Chaouat,919198,Club Africain,39618,Tunisia,F,ST,
Hazem Mastouri,1991585,Dinamo Makhachkala,362016,Tunisia,F,ST,
Sebastian Tounekti,957143,Celtic,2352,Tunisia,F,W,
Khalil Ayari,1606568,Paris Saint-Germain U21,261343,Tunisia,F,W,
Rayan Elloumi,1872950,Vancouver Whitecaps,22010,Tunisia,F,ST,
Abdelmouhib Chamakh,2018130,Club Africain,39618,Tunisia,F,GK,
Amine Ben Hamida,1000809,Espérance Tunis,59628,Tunisia,F,FB,
Mohamed Belhadj Mahmoud,1008597,FC Lugano,2443,Tunisia,F,"DM, CM",
Elias Saad,1130946,Hannover 96,2541,Tunisia,F,W,
Thibaut Courtois,70988,Real Madrid,2829,Belgium,G,GK,
Senne Lammens,964753,Manchester United,35,Belgium,G,GK,
Mike Penders,1149148,RC Strasbourg,1659,Belgium,G,GK,
Thomas Meunier,128587,Lille,1643,Belgium,G,FB,
Timothy Castagne,329417,Fulham,43,Belgium,G,FB,
Arthur Theate,965778,Eintracht Frankfurt,2674,Belgium,G,"CB, FB",
Zeno Debast,1126512,Sporting CP,3001,Belgium,G,"CB, CM",
Maxim De Cuyper,997152,Brighton & Hove Albion,30,Belgium,G,FB,
Brandon Mechele,248331,Club Brugge KV,2888,Belgium,G,CB,
Koni De Winter,1001828,AC Milan,2692,Belgium,G,"CB, FB",
Joaquin Seys,1395881,Club Brugge KV,2888,Belgium,G,FB,
Nathan Ngoy,1119487,Lille,1643,Belgium,G,"CB, FB",
Axel Witsel,35612,Girona FC,24264,Belgium,G,"CB, DM, CM",
Kevin De Bruyne,70996,SSC Napoli,2714,Belgium,G,"CM, AM",
Youri Tielemans,331737,Aston Villa,40,Belgium,G,"DM, CM",
Hans Vanaken,118085,Club Brugge KV,2888,Belgium,G,"CM, AM",
Amadou Onana,923973,Aston Villa,40,Belgium,G,"DM, CM",
Nicolas Raskin,889378,Rangers,2351,Belgium,G,"DM, CM",
Romelu Lukaku,78893,SSC Napoli,2714,Belgium,G,ST,
Leandro Trossard,135666,Arsenal,42,Belgium,G,W,
Jérémy Doku,934386,Manchester City,17,Belgium,G,W,
Dodi Lukebakio,823631,Benfica,3006,Belgium,G,W,
Charles De Ketelaere,960441,Atalanta,2686,Belgium,G,"AM, ST",
Alexis Saelemaekers,901891,AC Milan,2692,Belgium,G,"WM, W",
Diego Moreira,1142233,RC Strasbourg,1659,Belgium,G,"WM, W",
Matías Fernández-Pardo,1149144,Lille,1643,Belgium,G,ST,
Mohamed El-Shenawy,871735,Al Ahly FC,6910,Egypt,G,GK,
Mostafa Shobeir,1048378,Al Ahly FC,6910,Egypt,G,GK,
Mohamed Alaa,1980828,El Gouna FC,43565,Egypt,G,GK,
Mahdi Soliman,918547,Zamalek SC,42368,Egypt,G,GK,
Hamdy Fathy,918913,Al-Wakrah,44440,Egypt,G,"CB, DM, CM",
Rami Rabia,295339,Al-Ain,37082,Egypt,G,CB,
Mohamed Hany,826545,Al Ahly FC,6910,Egypt,G,FB,
Ahmed Fatouh,880622,Zamalek SC,42368,Egypt,G,FB,
Mohamed Abdelmonem,926506,Nice,1661,Egypt,G,CB,
Yasser Ibrahim,333441,Al Ahly FC,6910,Egypt,G,CB,
Hossam Abdelmaguid,1063327,Zamalek SC,42368,Egypt,G,CB,
Karim Hafez,577736,Pyramids FC,175002,Egypt,G,FB,
Tarek Alaa,1480544,ZED FC,373168,Egypt,G,FB,
Marwan Attia,1013699,Al Ahly FC,6910,Egypt,G,"DM, CM",
Emam Ashour,967032,Al Ahly FC,6910,Egypt,G,"CM, AM",
Mohanad Lasheen,918506,Pyramids FC,175002,Egypt,G,"DM, CM",
Mahmoud Saber,1101624,ZED FC,373168,Egypt,G,"CM, AM",
Nabil Donga,918505,Al-Najma SC,395831,Egypt,G,"DM, CM",
Mostafa Ziko,1418782,Pyramids FC,175002,Egypt,G,W,
Mohamed Salah,159665,Liverpool FC,44,Egypt,G,W,
Mahmoud Trézéguet,295361,Al Ahly FC,6910,Egypt,G,W,
Zizo,547494,Al Ahly FC,6910,Egypt,G,"AM, W",
Omar Marmoush,873554,Manchester City,17,Egypt,G,ST,
Ibrahim Adel,1008171,FC Nordsjælland,1292,Egypt,G,W,
Haissem Hassan,942836,Real Oviedo,2851,Egypt,G,"WM, W",
Hamza Abdelkarim,1961596,Barcelona U19,90128,Egypt,G,ST,
Max Crocombe,197904,Millwall,25,New Zealand,G,GK,
Tim Payne,155882,Wellington Phoenix,7568,New Zealand,G,"CB, FB",
Francis De Vries,867714,Auckland FC,800224,New Zealand,G,FB,
Tyler Bindon,1514870,Sheffield United,15,New Zealand,G,CB,
Michael Boxall,38624,Minnesota United,41618,New Zealand,G,CB,
Joe Bell,822749,Viking FK,1164,New Zealand,G,"DM, CM",
Matthew Garbett,1002607,Peterborough United,54,New Zealand,G,CM,
Marko Stamenić,1002620,Swansea City,74,New Zealand,G,"DM, CM",
Chris Wood,50480,Nottingham Forest,14,New Zealand,G,ST,
Elijah Just,905267,Motherwell,2346,New Zealand,G,"AM, W",
Alex Paulsen,1000379,KS Lechia Gdańsk,7913,New Zealand,G,GK,
Liberato Cacace,905264,Wrexham,64,New Zealand,G,"FB, WM",
Alex Rufer,356256,Wellington Phoenix,7568,New Zealand,G,"DM, CM",
Nando Pijnaker,982371,Auckland FC,800224,New Zealand,G,CB,
Finn Surman,1167100,Portland Timbers,22007,New Zealand,G,CB,
Kosta Barbarouses,31857,Western Sydney Wanderers,72926,New Zealand,G,ST,
Ben Waine,944481,Port Vale,55,New Zealand,G,ST,
Callum McCowatt,822753,Silkeborg IF,1285,New Zealand,G,"AM, W",
Jesse Randall,1002506,Auckland FC,800224,New Zealand,G,"W, ST",
Michael Woud,822737,Auckland FC,800224,New Zealand,G,GK,
Ryan Thomas,333571,PEC Zwolle,2971,New Zealand,G,"DM, CM",
Callan Elliot,959750,Auckland FC,800224,New Zealand,G,,
Lachlan Bayliss,1414979,Newcastle Jets,2934,New Zealand,G,"CM, AM",
Tommy Smith,38111,Braintree Town,182,New Zealand,G,,
Sarpreet Singh,822743,Wellington Phoenix,7568,New Zealand,G,"CM, AM",
Benjamin Old,1122425,Saint-Étienne,1678,New Zealand,G,W,
Alireza Beiranvand,791374,Tractor FC,53715,Iran,G,GK,
Alireza Jahanbakhsh,331837,FCV Dender,389232,Iran,G,W,
Payam Niazmand,932221,Persepolis FC,34314,Iran,G,GK,
Hossein Hosseini,328769,Sepahan S.C.,8018,Iran,G,GK,
Ehsan Hajsafi,1196902,Sepahan S.C.,8018,Iran,G,FB,
Milad Mohammadi,812531,Persepolis FC,34314,Iran,G,FB,
Ramin Rezaeian,786133,Foolad Khuzestan,53703,Iran,G,FB,
Hossein Kanaani,812952,Persepolis FC,34314,Iran,G,CB,
Shoja Khalilzadeh,223340,Tractor FC,53715,Iran,G,CB,
Saleh Hardani,1836024,Esteghlal FC,34316,Iran,G,FB,
Ali Nemati,932486,Foolad Khuzestan,53703,Iran,G,"CB, FB",
Aria Yousefi,1170977,Sepahan S.C.,8018,Iran,G,FB,
Danial Eiri,1464876,Malavan Bandar Anzali FC,53709,Iran,G,CB,
Saeid Ezatolahi,359334,Shabab Al-Ahli Dubai,264111,Iran,G,"DM, CM",
Saman Ghoddos,548050,Al-Ittihad Kalba,55705,Iran,G,"CM, AM",
Mahdi Torabi,812953,Tractor FC,53715,Iran,G,"WM, W",
Roozbeh Cheshmi,828230,Esteghlal FC,34316,Iran,G,"CB, DM, CM",
Mohammad Mohebi,996805,FC Rostov,2326,Iran,G,"W, ST",
Mohammad Ghorbani,1171024,Al-Wahda FC,264115,Iran,G,"DM, CM",
Amirmohammad Razzaghinia,1500737,Esteghlal FC,34316,Iran,G,CM,
Mehdi Taremi,812533,Olympiacos FC,3245,Iran,G,ST,
Amirhossein Hosseinzadeh,905472,Tractor FC,53715,Iran,G,ST,
Ali Alipour,791368,Persepolis FC,34314,Iran,G,ST,
Dennis Eckert Ayensa,812797,Standard Liège,2901,Iran,G,ST,
Mehdi Ghayedi,881182,Al-Nasr Dubai,46332,Iran,G,"W, ST",
Shahriar Moghanlou,993899,Al-Ittihad Kalba,55705,Iran,G,ST,
Vozinha,307436,Chaves,3025,Cape Verde,H,GK,
Márcio Rosa,892133,PFK Montana 1921,32642,Cape Verde,H,GK,
CJ Dos Santos,906020,San Diego FC,1043961,Cape Verde,H,GK,
Stopira,59609,Torreense,25787,Cape Verde,H,"CB, FB",
Pico,147138,Shamrock Rovers,3177,Cape Verde,H,CB,
João Paulo,1001675,FCSB,3301,Cape Verde,H,"FB, CM",
Diney,784677,Al Bataeh,331952,Cape Verde,H,CB,
Logan Costa,911853,Villarreal,2819,Cape Verde,H,CB,
Steven Moreira,287833,Columbus Crew,2504,Cape Verde,H,"CB, FB",
Wagner Pina,1513625,Trabzonspor,3051,Cape Verde,H,"FB, WM",
Sidny Lopes Cabral,1117723,Benfica,3006,Cape Verde,H,FB,
Kelvin Pires,1048591,SJK,22395,Cape Verde,H,CB,
Jamiro Monteiro,815080,PEC Zwolle,2971,Cape Verde,H,"CM, AM",
Deroy Duarte,921089,Ludogorets,43840,Cape Verde,H,"DM, CM",
Telmo Arcanjo,1035280,Vitória SC,3009,Cape Verde,H,W,
Laros Duarte,798177,Puskás Akadémia,25596,Cape Verde,H,"DM, CM",
Yannick Semedo,818064,SC Farense,2998,Cape Verde,H,"DM, CM",
Ryan Mendes,52797,Iğdır FK,388264,Cape Verde,H,W,
Garry Rodrigues,787429,Apollon Limassol,3402,Cape Verde,H,W,
Willy Semedo,889052,Omonia Nicosia,3395,Cape Verde,H,"WM, W",
Jovane Cabral,845802,CF Estrela Amadora,3035,Cape Verde,H,"AM, W",
Hélio Varela,1094395,Maccabi Tel Aviv,5198,Cape Verde,H,W,
Nuno Da Costa,209374,Başakşehir FK,3086,Cape Verde,H,ST,
Kevin Lenini,906838,FC Krasnodar,34425,Cape Verde,H,"DM, CM",
Gilson Tavares,1111215,Akron Togliatti,285689,Cape Verde,H,ST,
Dailon Rocha Livramento,1155358,Casa Pia,36365,Cape Verde,H,ST,
Unai Simón,797291,Athletic Club,2825,Spain,H,GK,
David Raya,581310,Arsenal,42,Spain,H,GK,
Joan García,930267,FC Barcelona,2817,Spain,H,GK,
Aymeric Laporte,149734,Athletic Club,2825,Spain,H,CB,
Marc Cucurella,794939,Chelsea,38,Spain,H,FB,
Marcos Llorente,353138,Atlético Madrid,2836,Spain,H,FB,
Eric García,876214,FC Barcelona,2817,Spain,H,"CB, FB, CM",
Pedro Porro,913654,Tottenham Hotspur,33,Spain,H,FB,
Pau Cubarsí,1402913,FC Barcelona,2817,Spain,H,CB,
Marc Pubill,1094106,Atlético Madrid,2836,Spain,H,"CB, FB",
Rodri,827606,Manchester City,17,Spain,H,"DM, CM",
Mikel Merino,592010,Arsenal,42,Spain,H,CM,
Fabián Ruiz,784655,Paris Saint-Germain,1644,Spain,H,CM,
Pedri,992587,FC Barcelona,2817,Spain,H,"DM, CM",
Martín Zubimendi,966837,Arsenal,42,Spain,H,"DM, CM",
Alex Baena,910031,Atlético Madrid,2836,Spain,H,WM,
Ferran Torres,855833,FC Barcelona,2817,Spain,H,"W, ST",
Mikel Oyarzabal,823622,Real Sociedad,2824,Spain,H,ST,
Dani Olmo,789071,FC Barcelona,2817,Spain,H,"CM, AM",
Nico Williams,1085400,Athletic Club,2825,Spain,H,W,
Lamine Yamal,1402912,FC Barcelona,2817,Spain,H,W,
Yéremy Pino,984624,Crystal Palace,7,Spain,H,"WM, AM, W",
Borja Iglesias,785989,Celta Vigo,2821,Spain,H,ST,
Victor Muñoz,1145642,Osasuna,2820,Spain,H,W,
Alejandro Grimaldo,177177,Bayer 04 Leverkusen,2681,Spain,H,WM,
Pablo Gavi,1103693,FC Barcelona,2817,Spain,H,"CM, W",
Mohammed Al-Owais,791416,Al Ula,853576,Saudi Arabia,H,GK,
Nawaf Al-Aqidi,1014518,Al-Nassr,23400,Saudi Arabia,H,GK,
Ahmed Al-Kassar,818749,Al-Qadsiah,56027,Saudi Arabia,H,GK,
Saud Abdulhamid,966849,RC Lens,1648,Saudi Arabia,H,"FB, WM",
Hassam Altambakti,881837,Al-Hilal,21895,Saudi Arabia,H,"CB, FB",
Abdulelah Al-Amri,881831,Al-Nassr,23400,Saudi Arabia,H,CB,
Nawaf Boushal,986400,Al-Nassr,23400,Saudi Arabia,H,FB,
Ali Majrashi,917035,Al-Ahli,34469,Saudi Arabia,H,FB,
Ali Lajami,818667,Al-Hilal,21895,Saudi Arabia,H,CB,
Hassan Kadesh,847235,Al-Ittihad,34315,Saudi Arabia,H,"CB, FB",
Moteb Al-Harbi,1022679,Al-Hilal,21895,Saudi Arabia,H,FB,
Jehad Thakri,1845169,Al-Qadsiah,56027,Saudi Arabia,H,"CB, FB",
Mohammed Abu Al-Shamat,1804369,Al-Qadsiah,56027,Saudi Arabia,H,"FB, WM",
Salem Al-Dawsari,160893,Al-Hilal,21895,Saudi Arabia,H,W,
Mohamed Kanno,828524,Al-Hilal,21895,Saudi Arabia,H,"DM, CM, AM",
Nasser Al-Dawsari,872607,Al-Hilal,21895,Saudi Arabia,H,"DM, CM, WM",
Abdullah Al-Khaibari,867179,Al-Nassr,23400,Saudi Arabia,H,"DM, CM",
Musab Al Juwayr,1106234,Al-Qadsiah,56027,Saudi Arabia,H,"DM, CM, AM",
Ayman Yahya,1130539,Al-Nassr,23400,Saudi Arabia,H,"FB, W",
Ziyad Aljohani,1048372,Al-Ahli,34469,Saudi Arabia,H,"DM, CM",
Sultan Mandash,818568,Al-Hilal,21895,Saudi Arabia,H,"WM, W",
Ala'a Al-Hejji,826242,Neom SC,530631,Saudi Arabia,H,"DM, CM",
Firas Al-Buraikan,893307,Al-Ahli,34469,Saudi Arabia,H,"W, ST",
Saleh Al-Shehri,818779,Al-Ittihad,34315,Saudi Arabia,H,ST,
Abdullah Al-Hamdan,915991,Al-Nassr,23400,Saudi Arabia,H,"AM, ST",
Khalid Al-Ghannam,976538,Al-Ettifaq,34318,Saudi Arabia,H,W,
Fernando Muslera,28381,Estudiantes de la Plata,3206,Uruguay,H,GK,
Sergio Rochet,581060,Internacional,1966,Uruguay,H,GK,
Santiago Mele,846421,CF Monterrey,1932,Uruguay,H,GK,
José María Giménez,325355,Atlético Madrid,2836,Uruguay,H,CB,
Matías Viña,875295,River Plate,3211,Uruguay,H,FB,
Mathías Olivera,805078,SSC Napoli,2714,Uruguay,H,"CB, FB",
Guillermo Varela,311456,Flamengo,5981,Uruguay,H,FB,
Ronald Araújo,925097,FC Barcelona,2817,Uruguay,H,CB,
Sebastián Cáceres,924889,Club América,1939,Uruguay,H,CB,
Joaquín Piquerez,881110,Palmeiras,1963,Uruguay,H,"FB, WM",
Santiago Bueno,846308,Wolverhampton,3,Uruguay,H,CB,
Rodrigo Bentancur,791190,Tottenham Hotspur,33,Uruguay,H,"DM, CM",
Federico Valverde,831808,Real Madrid,2829,Uruguay,H,"DM, CM, WM",
Giorgian de Arrascaeta,333587,Flamengo,5981,Uruguay,H,AM,
Facundo Pellistri,989803,Panathinaikos FC,3248,Uruguay,H,W,
Manuel Ugarte,846425,Manchester United,35,Uruguay,H,"DM, CM",
Nicolás de la Cruz,877513,Flamengo,5981,Uruguay,H,"DM, CM, AM",
Brian Rodríguez,932233,Club América,1939,Uruguay,H,W,
Maximiliano Araújo,929193,Sporting CP,3001,Uruguay,H,"FB, WM, W",
Agustín Canobbio,846413,Fluminense,1961,Uruguay,H,W,
Emiliano Martínez,973533,Palmeiras,1963,Uruguay,H,"DM, CM",
Rodrigo Zalazar,966575,Sporting Braga,2999,Uruguay,H,"CM, AM",
Juan Sanabria,874568,Real Salt Lake,5133,Uruguay,H,"FB, WM",
Darwín Núñez,924871,Al-Hilal,21895,Uruguay,H,ST,
Federico Viñas,976104,Real Oviedo,2851,Uruguay,H,ST,
Rodrigo Aguirre,155974,Tigres UANL,1940,Uruguay,H,ST,
Brice Samba,164055,Stade Rennais,1658,France,I,GK,
Malo Gusto,996958,Chelsea,38,France,I,FB,
Lucas Digne,96538,Aston Villa,40,France,I,FB,
Dayot Upamecano,798583,FC Bayern München,2672,France,I,CB,
Jules Koundé,827212,FC Barcelona,2817,France,I,FB,
Manu Koné,974087,AS Roma,2702,France,I,"DM, CM",
Ousmane Dembélé,818244,Paris Saint-Germain,1644,France,I,"W, ST",
Aurélien Tchouaméni,859025,Real Madrid,2829,France,I,"CB, DM, CM",
Marcus Thuram,791702,Inter,2697,France,I,ST,
Kylian Mbappé,826643,Real Madrid,2829,France,I,ST,
Michael Olise,978838,FC Bayern München,2672,France,I,W,
Bradley Barcola,996952,Paris Saint-Germain,1644,France,I,W,
N'Golo Kanté,234148,Fenerbahçe,3052,France,I,"DM, CM",
Adrien Rabiot,250737,AC Milan,2692,France,I,"CM, AM",
Ibrahima Konaté,826215,Liverpool FC,44,France,I,CB,
Mike Maignan,191210,AC Milan,2692,France,I,GK,
William Saliba,941168,Arsenal,42,France,I,CB,
Warren Zaïre-Emery,1142672,Paris Saint-Germain,1644,France,I,"FB, CM",
Theo Hernández,788027,Al-Hilal,21895,France,I,FB,
Désiré Doué,1154605,Paris Saint-Germain,1644,France,I,W,
Lucas Hernández,352370,Paris Saint-Germain,1644,France,I,"CB, FB",
Jean Philippe Mateta,848276,Crystal Palace,7,France,I,ST,
Robin Risser,1387161,RC Lens,1648,France,I,GK,
Rayan Cherki,979128,Manchester City,17,France,I,"AM, W",
Maghnes Akliouche,1130939,AS Monaco,1653,France,I,"AM, W",
Maxence Lacroix,879674,Crystal Palace,7,France,I,CB,
Ørjan Nyland,22209,Sevilla,2833,Norway,I,GK,
Egil Selvik,798176,Watford,24,Norway,I,GK,
Sander Tangvik,1030355,Hamburger SV,2676,Norway,I,GK,
Kristoffer Ajer,576384,Brentford,50,Norway,I,"CB, FB",
Julian Ryerson,800951,Borussia Dortmund,2673,Norway,I,"FB, WM",
Leo Østigård,879746,Genoa,2713,Norway,I,CB,
David Møller Wolfe,1031283,Wolverhampton,3,Norway,I,FB,
Fredrik André Bjørkan,795154,Bodø/Glimt,656,Norway,I,FB,
Torbjørn Heggem,933264,Bologna,2685,Norway,I,"CB, FB",
Sondre Langås,1026541,Derby County,27,Norway,I,"CB, FB",
Martin Ødegaard,547410,Arsenal,42,Norway,I,CM,
Sander Berge,793167,Fulham,43,Norway,I,"DM, CM",
Patrick Berg,355174,Bodø/Glimt,656,Norway,I,CM,
Kristian Thorstvedt,924973,Sassuolo,2793,Norway,I,"CM, AM",
Morten Thorsby,280991,Cremonese,2761,Norway,I,"CM, AM",
Antonio Nusa,1121923,RB Leipzig,36360,Norway,I,"WM, W",
Fredrik Aursnes,228364,Benfica,3006,Norway,I,"DM, CM",
Oscar Bobb,1065216,Fulham,43,Norway,I,"W, ST",
Jens Petter Hauge,838805,Bodø/Glimt,656,Norway,I,W,
Andreas Schjelderup,1100952,Benfica,3006,Norway,I,W,
Thelo Aasgaard,1065989,Rangers,2351,Norway,I,"CM, AM",
Alexander Sørloth,309078,Atlético Madrid,2836,Norway,I,ST,
Erling Haaland,839956,Manchester City,17,Norway,I,ST,
Jørgen Strand Larsen,876599,Crystal Palace,7,Norway,I,ST,
Marcus Pedersen,934409,Torino,2696,Norway,I,"FB, WM",
Henrik Sælebakke Falchener,1022374,Viking FK,1164,Norway,I,CB,
Edouard Mendy,845074,Al-Ahli,34469,Senegal,I,GK,
Mory Diaw,580226,Le Havre,1662,Senegal,I,GK,
Yehvann Diouf,845183,Nice,1661,Senegal,I,GK,
Kalidou Koulibaly,126071,Al-Hilal,21895,Senegal,I,CB,
Krépin Diatta,873534,AS Monaco,1653,Senegal,I,CB,
Moussa Niakhaté,758168,Olympique Lyonnais,1649,Senegal,I,CB,
Ismail Jakobs,897291,Galatasaray,3061,Senegal,I,FB,
Abdoulaye Seck,583896,Maccabi Haifa,5197,Senegal,I,CB,
El Hadji Malick Diouf,1471764,West Ham United,37,Senegal,I,"FB, WM",
Antoine Mendy,1120615,Nice,1661,Senegal,I,"CB, FB",
Mamadou Sarr,1154657,Chelsea,38,Senegal,I,CB,
Idrissa Gana Gueye,106337,Everton,48,Senegal,I,"DM, CM",
Pape Gueye,879694,Villarreal,2819,Senegal,I,CM,
Pape Matar Sarr,1002711,Tottenham Hotspur,33,Senegal,I,"DM, CM",
Pathé Ismaël Ciss,913679,Rayo Vallecano,2818,Senegal,I,"DM, CM",
Lamine Camara,1389846,AS Monaco,1653,Senegal,I,"DM, CM",
Habib Diarra,1128532,Sunderland,41,Senegal,I,"CM, AM",
Bara Sapoko Ndiaye,2427970,FC Bayern München,2672,Senegal,I,CM,
Assane Diao,1493689,Como,2704,Senegal,I,W,
Sadio Mané,217704,Al-Nassr,23400,Senegal,I,"WM, W",
Ismaïla Sarr,845286,Crystal Palace,7,Senegal,I,"AM, W",
Iliman Ndiaye,914309,Everton,48,Senegal,I,W,
Nicolas Jackson,1085381,FC Bayern München,2672,Senegal,I,ST,
Ahmadou Bamba Dieng,1102503,Lorient,1656,Senegal,I,ST,
Cherif Ndiaye,868268,Samsunspor,3053,Senegal,I,ST,
Ibrahim Mbaye,1590918,Paris Saint-Germain,1644,Senegal,I,W,
Merchas Doski,1381224,FK Viktoria Plzeň,4502,Iraq,I,"FB, WM",
Hussein Ali,962056,Pogoń Szczecin,3117,Iraq,I,FB,
Manaf Younis,1176558,Al-Shorta,61532,Iraq,I,CB,
Jalal Hassan,196454,Al-Zawraa,35888,Iraq,I,GK,
Fahad Talib,884092,Al Talaba,47485,Iraq,I,GK,
Ahmed Basil,888896,Al-Shorta,61532,Iraq,I,GK,
Rebin Sulaka,362504,Port FC,40661,Iraq,I,CB,
Zaid Tahseen,1150051,Pakhtakor Tashkent,34310,Iraq,I,CB,
Frans Putros,851676,Persib Bandung,64289,Iraq,I,"CB, DM, CM",
Ahmed Hassan Maknazi,1381227,Al Karma SC,505704,Iraq,I,FB,
Mustafa Saadoon,1500435,Al-Shorta,61532,Iraq,I,FB,
Akam Hashem,1631451,Al-Zawraa,35888,Iraq,I,CB,
Ibrahim Bayesh,920815,Al-Dhafra,81305,Iraq,I,CM,
Amir Al-Ammari,915325,Cracovia,4901,Iraq,I,"DM, CM",
Ali Jasim,1066729,Al-Najma SC,395831,Iraq,I,W,
Youssef Amyn,1106352,AEK Larnaca,3404,Iraq,I,W,
Zidane Iqbal,1014225,FC Utrecht,2948,Iraq,I,"DM, CM",
Marko Farji,1026519,Venezia,2688,Iraq,I,W,
Kevin Yakob,936451,AGF,1291,Iraq,I,"DM, CM",
Aimar Sher,981574,Sarpsborg 08,822,Iraq,I,"DM, CM",
Zaid Ismail,1843356,Al Talaba,47485,Iraq,I,CM,
Ahmed Qasem,1101887,Nashville SC,337612,Iraq,I,W,
Aymen Hussein,812999,Al Karma SC,505704,Iraq,I,ST,
Mohanad Ali,951859,Dibba Al-Fujairah,81309,Iraq,I,ST,
Ali Al-Hamadi,1010010,Luton Town,72,Iraq,I,ST,
Ali Yousif,834492,Al Talaba,47485,Iraq,I,ST,
Alexander Schlager,282073,Red Bull Salzburg,2046,Austria,J,GK,
David Affengruber,988672,Elche,2846,Austria,J,CB,
Kevin Danso,794953,Tottenham Hotspur,33,Austria,J,CB,
Xaver Schlager,791079,RB Leipzig,36360,Austria,J,"DM, CM",
Stefan Posch,355486,1. FSV Mainz 05,2556,Austria,J,"CB, FB",
Nicolas Seiwald,976575,RB Leipzig,36360,Austria,J,"DM, CM",
Marko Arnautović,21927,FK Crvena zvezda,5149,Austria,J,ST,
David Alaba,66492,Real Madrid,2829,Austria,J,CB,
Marcel Sabitzer,133908,Borussia Dortmund,2673,Austria,J,"DM, CM",
Florian Grillitsch,186719,Sporting Braga,2999,Austria,J,"CB, DM, CM",
Michael Gregoritsch,111483,FC Augsburg,2600,Austria,J,ST,
Florian Wiegele,869476,FC Viktoria Plzeň,4502,Austria,J,GK,
Patrick Pentz,788319,Brøndby IF,1281,Austria,J,GK,
Philipp Lienhart,576266,SC Freiburg,2538,Austria,J,CB,
Phillipp Mwene,138126,1. FSV Mainz 05,2556,Austria,J,WM,
Carney Chukwuemeka,994556,Borussia Dortmund,2673,Austria,J,CM,
Romano Schmid,830127,SV Werder Bremen,2534,Austria,J,"CM, AM, W",
Konrad Laimer,355492,FC Bayern München,2672,Austria,J,FB,
Patrick Wimmer,987504,VfL Wolfsburg,2524,Austria,J,W,
Alexander Prass,978062,TSG Hoffenheim,2569,Austria,J,"CM, WM",
Marco Friedl,825771,SV Werder Bremen,2534,Austria,J,CB,
Paul Wanner,1146018,PSV Eindhoven,2952,Austria,J,"CM, AM",
Michael Svoboda,888340,Venezia,2688,Austria,J,CB,
Alessandro Schöpf,147776,Wolfsberger AC,2076,Austria,J,"DM, CM",
Saša Kalajdžić,870038,LASK,2058,Austria,J,ST,
Juan Musso,263651,Atlético Madrid,2836,Argentina,J,GK,
Marcos Senesi,830659,Bournemouth,60,Argentina,J,CB,
Nicolás Tagliafico,158243,Olympique Lyonnais,1649,Argentina,J,FB,
Gonzalo Montiel,822933,River Plate,3211,Argentina,J,FB,
Leandro Paredes,255389,Boca Juniors,3202,Argentina,J,"CM, DM",
Lisandro Martínez,859999,Manchester United,35,Argentina,J,"CB, FB",
Rodrigo De Paul,249399,Inter Miami CF,337602,Argentina,J,CM,
Valentín Barco,1127057,RC Strasbourg,1659,Argentina,J,"FB, DM, CM",
Julián Alvarez,944656,Atlético Madrid,2836,Argentina,J,ST,
Lionel Messi,12994,Inter Miami CF,337602,Argentina,J,"AM, W, ST",
Giovani Lo Celso,798835,Real Betis,2816,Argentina,J,"CM, AM",
Gerónimo Rulli,128383,Olympique de Marseille,1641,Argentina,J,GK,
Cristian Romero,829932,Tottenham Hotspur,33,Argentina,J,CB,
Exequiel Palacios,822600,Bayer 04 Leverkusen,2681,Argentina,J,"DM, CM",
Nicolás González,901325,Atlético Madrid,2836,Argentina,J,W,
Thiago Almada,944660,Atlético Madrid,2836,Argentina,J,"AM, W",
Giuliano Simeone,1099352,Atlético Madrid,2836,Argentina,J,WM,
Nico Paz,1171451,Como,2704,Argentina,J,AM,
Nicolás Otamendi,74915,Benfica,3006,Argentina,J,CB,
Alexis Mac Allister,895324,Liverpool FC,44,Argentina,J,"DM, CM",
José Manuel López,1094179,Palmeiras,1963,Argentina,J,ST,
Lautaro Martínez,823984,Inter,2697,Argentina,J,ST,
Emiliano Martínez,158263,Aston Villa,40,Argentina,J,GK,
Enzo Fernández,974505,Chelsea,38,Argentina,J,"DM, CM, AM",
Facundo Medina,860307,Olympique de Marseille,1641,Argentina,J,"CB, FB",
Nahuel Molina,831799,Atlético Madrid,2836,Argentina,J,"FB, WM",
Yazeed Abu Laila,828294,Al-Hussein Irbid,117204,Jordan,J,GK,
Abdallah Al-Fakhouri,974747,Al-Wehdat,40650,Jordan,J,GK,
Noureddin Bani Ateyah,828259,Al Faisaly SC,47482,Jordan,J,GK,
Saad Al Rousan,920476,Al-Hussein Irbid,117204,Jordan,J,CB,
Ehsan Haddad,812997,Al-Hussein Irbid,117204,Jordan,J,"FB, WM",
Yazan Al-Arab,888906,FC Seoul,7646,Jordan,J,CB,
Abdallah Nasib,1114497,Al-Zawraa,35888,Jordan,J,"CB, FB",
Husam Ali Mohammad Abudahab,1122369,Al Faisaly SC,47482,Jordan,J,CB,
Saleem Obaid,980664,Al-Hussein Irbid,117204,Jordan,J,CB,
Mo Abualani,1158813,Selangor FC,3323,Jordan,J,"CB, FB",
Anas Badawi,2239188,Al Faisaly SC,47482,Jordan,J,CB,
Rajaei Ayed,786030,Al-Hussein Irbid,117204,Jordan,J,"DM, CM",
Noor Al-Deen Rawabdeh,927845,Selangor FC,3323,Jordan,J,"DM, CM",
Ibrahim Sadeh,997817,Al Karma SC,505704,Jordan,J,CM,
Mohammed Ali Hasheesh,1139989,Al Karma SC,505704,Jordan,J,FB,
Nizar Mahmoud Al-Rashdan,1014324,Qatar SC,25914,Jordan,J,"DM, CM",
Mohannad Abu Taha,1114775,Al-Quwa Al-Jawiya,213877,Jordan,J,WM,
Amer Jamous,1019495,Al-Zawraa,35888,Jordan,J,CM,
Mohammed Al Daoud,786034,Al-Wehdat,40650,Jordan,J,CM,
Mousa Tamari,876600,Stade Rennais,1658,Jordan,J,W,
Mahmoud Al-Mardi,812557,Al-Hussein Irbid,117204,Jordan,J,"WM, W",
Ali Olwan,980728,Al-Sailiya,44439,Jordan,J,"W, ST",
Mohammad Abu Zrayq,986341,Raja Club Athletic,41757,Jordan,J,"W, ST",
Mohammad Taha,2048339,Al-Hussein Irbid,117204,Jordan,J,FB,
Odeh Fahoury,1937497,Pyramids FC,175002,Jordan,J,W,
Ali Al Azaizah,1457997,Al-Shabab,34313,Jordan,J,W,
Luca Zidane,802133,Granada,33779,Algeria,J,GK,
Oussama Benbot,1007589,USM Alger,42206,Algeria,J,GK,
Melvin Mastil,1118193,Stade Nyonnais,2490,Algeria,J,GK,
Aïssa Mandi,122810,Lille,1643,Algeria,J,"CB, FB",
Ramy Bensebaini,577726,Borussia Dortmund,2673,Algeria,J,"FB, CB",
Mohamed Tougai,1018018,Espérance Tunis,59628,Algeria,J,CB,
Rayan Aït-Nouri,931278,Manchester City,17,Algeria,J,"FB, WM",
Jaouen Hadjam,1049534,BSC Young Boys,2445,Algeria,J,FB,
Rafik Belghali,1103488,Hellas Verona,2701,Algeria,J,"FB, WM",
Zineddine Belaid,1018822,JS Kabylie,42202,Algeria,J,CB,
Achref Abada,1503088,USM Alger,42206,Algeria,J,CB,
Samir Sophian Chergui,981168,Paris FC,6070,Algeria,J,"CB, FB",
Nabil Bentaleb,368120,Lille,1643,Algeria,J,"DM, CM",
Ramiz Zerrouki,989882,FC Twente,2955,Algeria,J,"DM, CM",
Hicham Boudaoui,985923,Nice,1661,Algeria,J,"DM, CM",
Farés Chaïbi,1192318,Eintracht Frankfurt,2674,Algeria,J,"CM, AM",
Houssem Aouar,846081,Al-Ittihad,34315,Algeria,J,"CM, AM",
Ibrahim Maza,1407524,Bayer 04 Leverkusen,2681,Algeria,J,"CM, AM",
Yassine Titraoui,1094538,RC Sporting Charleroi,2898,Algeria,J,"DM, CM",
Riyad Mahrez,158213,Al-Ahli,34469,Algeria,J,W,
Mohamed Amoura,1107591,VfL Wolfsburg,2524,Algeria,J,"W, ST",
Amine Gouiri,859026,Olympique de Marseille,1641,Algeria,J,ST,
Anis Hadj Moussa,1218066,Feyenoord,2959,Algeria,J,W,
Adil Boulbina,1094482,Al Duhail,44441,Algeria,J,W,
Ahmed Nadhir,1177807,ETO FC Győr,1923,Algeria,J,ST,
Farés Ghedjemis,1445228,Frosinone,2801,Algeria,J,W,
Timothy Fayulu,927616,FC Noah,262228,DR Congo,K,GK,
Matthieu Epolo,1121943,Standard Liège,2901,DR Congo,K,GK,
Chancel Mbemba,238612,Lille,1643,DR Congo,K,CB,
Arthur Masuaku,174975,RC Lens,1648,DR Congo,K,FB,
Gedeon Kalulu,991200,Aris Limassol,3397,DR Congo,K,FB,
Joris Kayembe,354046,KRC Genk,2890,DR Congo,K,FB,
Dylan Batubinsika,352912,AEL Novibet,3265,DR Congo,K,CB,
Axel Tuanzebe,817979,Burnley,6,DR Congo,K,"CB, FB",
Aaron Wan-Bissaka,863653,West Ham United,37,DR Congo,K,"FB, WM",
Steve Kapuadi,1019957,Widzew Łódź,3115,DR Congo,K,CB,
Meschak Elia,862078,Alanyaspor,6362,DR Congo,K,ST,
Samuel Moutoussamy,892624,APS Atromitos Athinon,5062,DR Congo,K,"DM, CM",
Edo Kayembe,917305,Watford,24,DR Congo,K,"DM, CM, AM",
Charles Pickel,758664,Espanyol,2814,DR Congo,K,"DM, CM",
Gaël Kakuta,46387,AEL Novibet,3265,DR Congo,K,"AM, ST",
Noah Sadiki,1171539,Sunderland,41,DR Congo,K,"DM, CM",
Nathanaël Mbuku,963399,Montpellier,1642,DR Congo,K,W,
Aaron Tshibola,353602,Kilmarnock,2347,DR Congo,K,"DM, CM",
Ngal'ayel Mukau,1391541,Lille,1643,DR Congo,K,"DM, CM",
Brian Cipenga,1160969,CD Castellón,5067,DR Congo,K,W,
Cédric Bakambu,115665,Real Betis,2816,DR Congo,K,ST,
Théo Bongonda,344953,FC Spartak Moscow,2323,DR Congo,K,"WM, W",
Fiston Mayele,1007556,Pyramids FC,175002,DR Congo,K,ST,
Yoane Wissa,805123,Newcastle United,39,DR Congo,K,ST,
Simon Banza,825945,Al-Jazira,8090,DR Congo,K,ST,
Lionel Mpasi Nzau,599192,Le Havre,1662,DR Congo,K,GK,
Diogo Costa,843115,FC Porto,3002,Portugal,K,GK,
José Sá,252669,Wolverhampton,3,Portugal,K,GK,
Rui Silva,253809,Sporting CP,3001,Portugal,K,GK,
Rúben Dias,318941,Manchester City,17,Portugal,K,CB,
João Cancelo,138892,FC Barcelona,2817,Portugal,K,FB,
Nélson Semedo,252821,Fenerbahçe,3052,Portugal,K,"FB, WM",
Nuno Mendes,989768,Paris Saint-Germain,1644,Portugal,K,FB,
Diogo Dalot,843200,Manchester United,35,Portugal,K,"FB, WM",
Gonçalo Inácio,1001196,Sporting CP,3001,Portugal,K,"CB, FB",
Matheus Nunes,945122,Manchester City,17,Portugal,K,FB,
Renato Veiga,1087359,Villarreal,2819,Portugal,K,"CB, CM",
Tomás Araújo,983542,Benfica,3006,Portugal,K,"CB, FB",
Bernardo Silva,331209,Manchester City,17,Portugal,K,"DM, CM, AM, W",
Bruno Fernandes,288205,Manchester United,35,Portugal,K,"DM, CM, AM",
Rúben Neves,280955,Al-Hilal,21895,Portugal,K,"DM, CM",
Vitinha,902029,Paris Saint-Germain,1644,Portugal,K,CM,
João Neves,1190933,Paris Saint-Germain,1644,Portugal,K,CM,
Samú Costa,988351,Mallorca,2826,Portugal,K,"DM, CM",
Cristiano Ronaldo,750,Al-Nassr,23400,Portugal,K,ST,
João Félix,851671,Al-Nassr,23400,Portugal,K,"AM, W, ST",
Rafael Leão,851284,AC Milan,2692,Portugal,K,"W, ST",
Gonçalo Guedes,280979,Real Sociedad,2824,Portugal,K,"W, ST",
Gonçalo Ramos,934510,Paris Saint-Germain,1644,Portugal,K,ST,
Pedro Neto,879349,Chelsea,38,Portugal,K,W,
Francisco Trincão,830431,Sporting CP,3001,Portugal,K,AM,
Francisco Conceição,979222,Juventus,2687,Portugal,K,"AM, W",
David Ospina,33596,Atlético Nacional,6106,Colombia,K,GK,
Camilo Vargas,125787,Atlas FC,1949,Colombia,K,GK,
Álvaro Montero,926238,Vélez Sarsfield,3208,Colombia,K,GK,
Davinson Sánchez,566102,Galatasaray,3061,Colombia,K,CB,
Santiago Arias,158583,CA Independiente,3209,Colombia,K,"FB, WM",
Yerry Mina,360396,Cagliari,2719,Colombia,K,CB,
Daniel Muñoz,870360,Crystal Palace,7,Colombia,K,WM,
Johan Mojica,344847,Mallorca,2826,Colombia,K,FB,
Jhon Lucumí,818481,Bologna,2685,Colombia,K,CB,
Deiver Machado,822110,Nantes,1647,Colombia,K,"FB, WM",
Willer Ditta,931705,Cruz Azul,1947,Colombia,K,"CB, FB",
James Rodríguez,107414,Minnesota United,41618,Colombia,K,AM,
Jefferson Lerma,355796,Crystal Palace,7,Colombia,K,"DM, CM",
Juan Fernando Quintero,221162,River Plate,3211,Colombia,K,AM,
Jhon Arias,844096,Palmeiras,1963,Colombia,K,W,
Richard Ríos,1015292,Benfica,3006,Colombia,K,"DM, CM",
Kevin Castaño,1066915,River Plate,3211,Colombia,K,"DM, CM",
Jorge Carrascal,590392,Flamengo,5981,Colombia,K,"AM, W",
Jaminton Campaz,877299,Rosario Central,3217,Colombia,K,W,
Juan Portilla,980580,Athletico,1967,Colombia,K,"DM, CM",
Gustavo Puerta,1174889,Real Racing Club,2835,Colombia,K,"DM, CM",
Luis Díaz,883537,FC Bayern München,2672,Colombia,K,W,
Jhon Córdoba,281253,FC Krasnodar,34425,Colombia,K,ST,
Luis Javier Suárez,914213,Sporting CP,3001,Colombia,K,ST,
Cucho Hernández,887055,Real Betis,2816,Colombia,K,ST,
Andrés Gómez,1160386,Vasco da Gama,1974,Colombia,K,W,
Utkir Yusupov,791592,Navbahor Namangan,40263,Uzbekistan,K,GK,
Abduvokhid Nematov,1000465,Nasaf Qarshi,34017,Uzbekistan,K,GK,
Botirali Ergashev,796361,Neftchi Fergana,36256,Uzbekistan,K,GK,
Rustam Ashurmatov,358822,Esteghlal FC,34316,Uzbekistan,K,CB,
Farrukh Sayfiev,792386,Neftchi Fergana,36256,Uzbekistan,K,FB,
Khozhiakbar Alizhonov,888187,Pakhtakor Tashkent,34310,Uzbekistan,K,"FB, WM",
Sherzod Nasrullaev,1014276,Pakhtakor Tashkent,34310,Uzbekistan,K,FB,
Umarbek Eshmuradov,893000,Nasaf Qarshi,34017,Uzbekistan,K,CB,
Abdukodir Khusanov,1194333,Manchester City,17,Uzbekistan,K,"CB, FB",
Bekhruz Karimov,1597255,Surkhon Termez,287019,Uzbekistan,K,FB,
Abdulla Abdullaev,954524,Dibba Al-Fujairah,81309,Uzbekistan,K,"CB, CM",
Jakhongir Urozov,1403414,Dinamo Samarqand,40259,Uzbekistan,K,CB,
Avazbek Ulmasaliyev,978392,FC OKMK,40268,Uzbekistan,K,CB,
Otabek Shukurov,358890,Baniyas,58689,Uzbekistan,K,"DM, CM",
Odiljon Khamrobekov,58689,Tractor FC,53715,Uzbekistan,K,"DM, CM",
Jamshid Iskandarov,785512,Neftchi Fergana,36256,Uzbekistan,K,"AM, ST",
Akmal Mozgovoy,926479,Pakhtakor Tashkent,34310,Uzbekistan,K,"DM, CM",
Azizjon Ganiev,793857,Al Bataeh,331952,Uzbekistan,K,CM,
Sharzod Esanov,1403410,FC Buxoro,48613,Uzbekistan,K,CM,
Eldor Shomurodov,791355,Başakşehir FK,3086,Uzbekistan,K,"AM, ST",
Igor Sergeev,333625,Persepolis FC,34314,Uzbekistan,K,ST,
Jaloliddin Masharipov,333611,Esteghlal FC,34316,Uzbekistan,K,W,
Oston Urunov,985882,Persepolis FC,34314,Uzbekistan,K,"CM, W",
Dostonbek Khamdamov,358880,Pakhtakor Tashkent,34310,Uzbekistan,K,W,
Abbosek Fayzullaev,1118429,Başakşehir FK,3086,Uzbekistan,K,"AM, W",
Azizbek Amonov,1615318,Nasaf Qarshi,34017,Uzbekistan,K,ST,
Dominik Livaković,190419,GNK Dinamo Zagreb,2032,Croatia,L,GK,
Dominik Kotarski,835678,FC København,1284,Croatia,L,GK,
Ivor Pandur,943212,Hull City,96,Croatia,L,GK,
Joško Gvardiol,964994,Manchester City,17,Croatia,L,"CB, FB",
Duje Ćaleta-Car,257091,Real Sociedad,2824,Croatia,L,CB,
Josip Stanišić,927407,FC Bayern München,2672,Croatia,L,"CB, FB",
Marin Pongračić,847467,Fiorentina,2693,Croatia,L,"CB, FB",
Martin Erlić,789234,FC Midtjylland,1289,Croatia,L,CB,
Luka Vušković,1405212,Hamburger SV,2676,Croatia,L,CB,
Mario Pašalić,190437,Atalanta,2686,Croatia,L,"DM, CM, AM",
Nikola Vlašić,357596,Torino,2696,Croatia,L,"CM, AM",
Martin Baturina,1090019,Como,2704,Croatia,L,AM,
Nikola Moro,814882,Bologna,2685,Croatia,L,"DM, CM",
Toni Fruk,916183,HNK Rijeka,2039,Croatia,L,"AM, ST",
Ivan Perišić,38710,PSV Eindhoven,26051,Croatia,L,W,
Andrej Kramarić,67647,TSG Hoffenheim,2569,Croatia,L,AM,
Ante Budimir,37318,Osasuna,2820,Croatia,L,ST,
Marco Pašalić,1066802,Orlando City SC,52237,Croatia,L,"WM, W",
Petar Musa,827668,FC Dallas,2512,Croatia,L,ST,
Igor Matanović,1019321,SC Freiburg,2538,Croatia,L,ST,
Josip Šutalo,954836,AFC Ajax,2953,Croatia,L,CB,
Luka Modrić,15466,AC Milan,2692,Croatia,L,"DM, CM",
Mateo Kovačić,136710,Manchester City,17,Croatia,L,"DM, CM",
Luka Sučić,949156,Real Sociedad,2824,Croatia,L,"CM, AM",
Kristijan Jakić,796206,FC Augsburg,2600,Croatia,L,"CB, DM, CM",
Petar Sučić,1091303,Inter,2697,Croatia,L,"DM, CM",
Jordan Pickford,138530,Everton,48,England,L,GK,
Dean Henderson,788134,Crystal Palace,7,England,L,GK,
James Trafford,980643,Manchester City,17,England,L,GK,
John Stones,152077,Manchester City,17,England,L,CB,
Marc Guéhi,877994,Manchester City,17,England,L,"CB, FB",
Reece James,885908,Chelsea,38,England,L,"FB, DM, CM",
Ezri Konsa,827679,Aston Villa,40,England,L,CB,
Dan Burn,99090,Newcastle United,39,England,L,"CB, FB",
Djed Spence,945798,Tottenham Hotspur,33,England,L,FB,
Nico O'Reilly,1142703,Manchester City,17,England,L,"FB, CM",
Jarell Quansah,1003339,Bayer 04 Leverkusen,2681,England,L,"CB, FB",
Jordan Henderson,42694,Brentford,50,England,L,"DM, CM",
Declan Rice,856714,Arsenal,42,England,L,"DM, CM",
Jude Bellingham,991011,Real Madrid,2829,England,L,"CM, WM, AM",
Morgan Rogers,948261,Aston Villa,40,England,L,"AM, W",
Kobbie Mainoo,1142175,Manchester United,35,England,L,"DM, CM",
Elliot Anderson,994546,Nottingham Forest,14,England,L,"DM, CM",
Harry Kane,108579,FC Bayern München,2672,England,L,ST,
Marcus Rashford,814590,FC Barcelona,2817,England,L,W,
Bukayo Saka,934235,Arsenal,42,England,L,W,
Ollie Watkins,555386,Aston Villa,40,England,L,ST,
Anthony Gordon,914902,Newcastle United,39,England,L,"W, ST",
Eberechi Eze,864921,Arsenal,42,England,L,AM,
Noni Madueke,966547,Arsenal,42,England,L,W,
Ivan Toney,290927,Al-Ahli,34469,England,L,ST,
Tino Livramento,980634,Newcastle United,39,England,L,FB,
Luis Mejía,144800,Nacional,3230,Panama,L,GK,
Orlando Mosquera,886041,Al-Fayha,168094,Panama,L,GK,
César Samudio,1172599,CD Marathon,25355,Panama,L,GK,
Éric Davis,159935,CD Plaza Amador,168806,Panama,L,FB,
Fidel Escobar,796326,Deportivo Saprissa,6574,Panama,L,"CB, DM, CM",
Roderick Miller,159939,Turan Tovuz,36951,Panama,L,"CB, FB",
Andrés Andrade,841802,LASK,2058,Panama,L,"CB, FB",
César Blackman,841793,ŠK Slovan Bratislava,2404,Panama,L,"FB, WM",
José Córdoba,1105688,Norwich City,263,Panama,L,CB,
Jiovany Ramos,1006509,Academia Puerto Cabello,230725,Panama,L,"CB, FB",
Jorge Gutiérrez,928021,Deportivo La Guaira,36437,Panama,L,FB,
Edgardo Fariña,1217937,Pari Nizhny Novgorod,201654,Panama,L,CB,
Aníbal Godoy,156102,San Diego FC,1043961,Panama,L,"DM, CM",
Alberto Quintero,83951,CD Plaza Amador,168806,Panama,L,W,
Yoel Bárcenas,833352,Mazatlán FC,1946,Panama,L,"CM, WM",
Adalberto Carrasquilla,796330,Pumas UNAM,1933,Panama,L,"DM, CM",
José Luis Rodríguez,842253,FC Juárez,201624,Panama,L,"WM, W",
Cristian Martínez,841006,Hapoel Ironi Kiryat Shmona,5399,Panama,L,"DM, CM",
César Yanis,1021117,Cobresal,3167,Panama,L,"WM, W",
Carlos Harvey,985131,Minnesota United FC 2,411366,Panama,L,"CB, DM, CM",
Azarias Londoño,1217929,Universidad Católica del Ecuador,21942,Panama,L,"W, ST",
José Fajardo,936184,Universidad Católica del Ecuador,21942,Panama,L,ST,
Ismael Díaz,796328,Club León,36534,Panama,L,"W, ST",
Cecilio Waterman,159931,Universidad de Concepción,5034,Panama,L,ST,
Tomás Rodríguez,985161,Deportivo Saprissa,6574,Panama,L,ST,
Amir Murillo,839493,Beşiktaş JK,3050,Panama,L,"CB, FB",
Lawrence Ati Zigi,791092,FC St. Gallen 1879,2442,Ghana,L,GK,
Benjamin Asare,1457083,Accra Hearts of Oak,42614,Ghana,L,GK,
Joseph Anang,970370,St. Patrick's Athletic,3169,Ghana,L,GK,
Rahman Baba,239632,PAOK,3251,Ghana,L,FB,
Gideon Mensah,844942,Auxerre,1646,Ghana,L,FB,
Derrick Luckassen,363782,Pafos FC,171626,Ghana,L,CB,
Alidu Seidu,1049515,Stade Rennais,1658,Ghana,L,"CB, FB",
Jerome Opoku,920514,Başakşehir FK,3086,Ghana,L,CB,
Jonas Adjei Adjetey,1218056,VfL Wolfsburg,2524,Ghana,L,CB,
Abdul Mumin,846147,Rayo Vallecano,2818,Ghana,L,CB,
Kojo Peprah Oppong,1473092,Nice,1661,Ghana,L,CB,
Marvin Senaya,1087805,Auxerre,1646,Ghana,L,"FB, WM",
Thomas Partey,316148,Villarreal,2819,Ghana,L,CM,
Abdul Fatawu Issahaku,1103589,Leicester City,31,Ghana,L,W,
Kamaldeen Sulemana,1019442,Atalanta,2686,Ghana,L,"W, ST",
Elisha Owusu,904424,Auxerre,1646,Ghana,L,"DM, CM",
Caleb Yirenkyi,1986794,FC Nordsjælland,1292,Ghana,L,CM,
Kwasi Sibo,905639,Real Oviedo,2851,Ghana,L,"DM, CM",
Augustine Boakye,1138352,Saint-Étienne,1678,Ghana,L,W,
Jordan Ayew,103045,Leicester City,31,Ghana,L,"W, ST",
Antoine Semenyo,934354,Manchester City,17,Ghana,L,"W, ST",
Iñaki Williams,783374,Athletic Club,2825,Ghana,L,W,
Ernest Nuamah,1202024,Olympique Lyonnais,1649,Ghana,L,W,
Christopher Baah,1477662,Al-Qadsiah,56027,Ghana,L,"WM, W",
Brandon Thomas-Asante,846061,Coventry City,11,Ghana,L,ST,
Prince Kwabena Adu,1472288,FK Viktoria Plzeň,4502,Ghana,L,ST,
Gastón Olveira,339135,Olimpia,5997,Paraguay,D,GK,
Gustavo Gómez,220833,Palmeiras,1963,Paraguay,D,CB,
Roberto Fernández,840027,Cerro Porteño,5991,Paraguay,D,GK,
Orlando Gill,991709,San Lorenzo,3201,Paraguay,D,GK,
Junior Alonso,333275,Atlético Mineiro,1977,Paraguay,D,"CB, FB",
Fabián Balbuena,339447,Grêmio,5926,Paraguay,D,CB,
Omar Alderete,805137,Sunderland,41,Paraguay,D,CB,
Juan Cáceres,989801,Dynamo Moscow,2315,Paraguay,D,FB,
Gustavo Velázquez,805427,Cerro Porteño,5991,Paraguay,D,"CB, FB",
José Canale,877452,CA Lanús,3218,Paraguay,D,CB,
Alexandro Maidana,1546739,CA Talleres,3210,Paraguay,D,FB,
Alejandro Romero,788936,Al-Ain,37082,Paraguay,D,"CM, AM, W",
Miguel Almirón,333373,Atlanta United,243211,Paraguay,D,W,
Andrés Cubas,546416,Vancouver Whitecaps,22010,Paraguay,D,"DM, CM",
Ramón Sosa,1015733,Palmeiras,1963,Paraguay,D,W,
Diego Gómez,1065588,Brighton & Hove Albion,30,Paraguay,D,"CM, AM, W",
Damián Bobadilla,1015261,São Paulo,1981,Paraguay,D,"DM, CM",
Braian Ojeda,883206,Orlando City SC,52237,Paraguay,D,"DM, CM",
Matías Galarza,1105836,Atlanta United,243211,Paraguay,D,"DM, CM",
Mauricio,986233,Palmeiras,1963,Paraguay,D,AM,
Antonio Sanabria,333261,Cremonese,2761,Paraguay,D,ST,
Julio Enciso,973556,RC Strasbourg,1659,Paraguay,D,"AM, W, ST",
Gabriel Ávalos,789453,CA Independiente,3209,Paraguay,D,ST,
Alex Arce,1167312,Independiente Rivadavia,36842,Paraguay,D,ST,
Isidro Pitta,979861,Red Bull Bragantino,1999,Paraguay,D,ST,
Gustavo Caballero,988656,Portsmouth,2,Paraguay,D,"WM, W",