study_id,dataset_name,competition_key,competition_name,season_start_year,source_file,repository_created_utc,matches,clubs,total_goals,goals_per_match,home_goals_per_match,away_goals_per_match,mean_home_goal_difference,home_wins,draws,away_wins,home_win_rate,draw_rate,away_win_rate,both_teams_to_score_rate,home_clean_sheet_rate,away_clean_sheet_rate,zero_goal_match_rate,one_goal_match_rate,two_goal_match_rate,three_goal_match_rate,four_plus_goal_match_rate,one_goal_margin_rate,three_plus_goal_margin_rate,home_points_per_match,away_points_per_match
study_042,league_season_repository,bundesliga,Bundesliga,2021,league_fingerprints_2021.csv,2026-07-23T08:21:44+00:00,305,18,952,3.121311475409836,1.7672131147540984,1.3540983606557375,0.4131147540983607,143,73,89,0.4688524590163934,0.2393442622950819,0.2918032786885245,0.6098360655737705,0.2786885245901639,0.1639344262295081,0.0524590163934426,0.1147540983606557,0.2459016393442623,0.1934426229508196,0.3934426229508196,0.340983606557377,0.2163934426229508,1.6459016393442625,1.1147540983606556
study_042,league_season_repository,bundesliga,Bundesliga,2022,league_fingerprints_2022.csv,2026-07-23T08:21:44+00:00,306,18,971,3.173202614379085,1.8562091503267972,1.3169934640522876,0.5392156862745098,145,75,86,0.4738562091503268,0.2450980392156862,0.2810457516339869,0.5915032679738562,0.2777777777777778,0.1797385620915032,0.0490196078431372,0.1045751633986928,0.2418300653594771,0.2254901960784313,0.3790849673202614,0.3137254901960784,0.218954248366013,1.6666666666666667,1.088235294117647
study_042,league_season_repository,bundesliga,Bundesliga,2023,league_fingerprints_2023.csv,2026-07-23T08:21:44+00:00,306,18,985,3.218954248366013,1.80718954248366,1.411764705882353,0.3954248366013072,134,81,91,0.4379084967320261,0.2647058823529412,0.2973856209150327,0.6176470588235294,0.2450980392156862,0.1797385620915032,0.0424836601307189,0.1045751633986928,0.2287581699346405,0.2124183006535947,0.4117647058823529,0.3071895424836601,0.2091503267973856,1.5784313725490196,1.156862745098039
study_042,league_season_repository,bundesliga,Bundesliga,2024,league_fingerprints_2024.csv,2026-07-23T08:21:44+00:00,306,18,959,3.133986928104575,1.6339869281045751,1.5,0.1339869281045751,118,78,110,0.3856209150326797,0.2549019607843137,0.3594771241830065,0.5718954248366013,0.2549019607843137,0.2450980392156862,0.0718954248366013,0.1209150326797385,0.2091503267973856,0.1699346405228758,0.4281045751633986,0.3235294117647059,0.1732026143790849,1.411764705882353,1.3333333333333333
study_042,league_season_repository,bundesliga,Bundesliga,2025,league_fingerprints_2025.csv,2026-07-23T08:21:44+00:00,306,18,990,3.235294117647059,1.7777777777777777,1.457516339869281,0.3202614379084967,134,75,97,0.4379084967320261,0.2450980392156862,0.3169934640522875,0.6176470588235294,0.2450980392156862,0.1764705882352941,0.0392156862745098,0.1241830065359477,0.1993464052287581,0.2091503267973856,0.4281045751633986,0.3464052287581699,0.1928104575163398,1.5588235294117647,1.196078431372549
study_042,league_season_repository,la_liga,La Liga,2021,league_fingerprints_2021.csv,2026-07-23T08:21:44+00:00,380,20,951,2.5026315789473683,1.4210526315789471,1.081578947368421,0.3394736842105263,165,111,104,0.4342105263157895,0.2921052631578947,0.2736842105263158,0.4868421052631579,0.3763157894736842,0.25,0.1131578947368421,0.1947368421052631,0.2473684210526315,0.1868421052631579,0.2578947368421053,0.3763157894736842,0.1368421052631579,1.5947368421052632,1.113157894736842
study_042,league_season_repository,la_liga,La Liga,2022,league_fingerprints_2022.csv,2026-07-23T08:21:44+00:00,380,20,955,2.513157894736842,1.4552631578947368,1.0578947368421052,0.3973684210526316,182,89,109,0.4789473684210526,0.2342105263157894,0.2868421052631579,0.5026315789473684,0.3263157894736842,0.2394736842105263,0.0684210526315789,0.2236842105263158,0.231578947368421,0.25,0.2263157894736842,0.4552631578947368,0.1263157894736842,1.6710526315789471,1.0947368421052632
study_042,league_season_repository,la_liga,La Liga,2023,league_fingerprints_2023.csv,2026-07-23T08:21:44+00:00,380,20,1005,2.6447368421052637,1.4842105263157894,1.1605263157894736,0.3236842105263158,167,107,106,0.4394736842105263,0.281578947368421,0.2789473684210526,0.4947368421052631,0.3394736842105263,0.2473684210526315,0.081578947368421,0.2026315789473684,0.2552631578947368,0.1894736842105263,0.2710526315789474,0.3973684210526316,0.1289473684210526,1.6,1.118421052631579
study_042,league_season_repository,la_liga,La Liga,2024,league_fingerprints_2024.csv,2026-07-23T08:21:44+00:00,380,20,995,2.6184210526315788,1.4526315789473685,1.1657894736842105,0.2868421052631579,169,97,114,0.4447368421052631,0.2552631578947368,0.3,0.5421052631578948,0.3052631578947368,0.2078947368421052,0.0552631578947368,0.2210526315789473,0.2368421052631578,0.2473684210526315,0.2394736842105263,0.4631578947368421,0.1368421052631579,1.5894736842105264,1.1552631578947368
study_042,league_season_repository,la_liga,La Liga,2025,league_fingerprints_2025.csv,2026-07-23T08:21:44+00:00,380,20,1024,2.694736842105263,1.5736842105263158,1.1210526315789473,0.4526315789473684,186,93,101,0.4894736842105263,0.2447368421052631,0.2657894736842105,0.5657894736842105,0.2921052631578947,0.181578947368421,0.0394736842105263,0.1789473684210526,0.281578947368421,0.2447368421052631,0.2552631578947368,0.4210526315789473,0.1236842105263157,1.7131578947368422,1.0421052631578946
study_042,league_season_repository,ligue_1,Ligue 1,2021,league_fingerprints_2021.csv,2026-07-23T08:21:44+00:00,380,20,1067,2.807894736842105,1.581578947368421,1.2263157894736842,0.3552631578947368,162,102,116,0.4263157894736842,0.2684210526315789,0.3052631578947368,0.5526315789473685,0.2894736842105263,0.2210526315789473,0.0631578947368421,0.1657894736842105,0.2684210526315789,0.1842105263157894,0.3184210526315789,0.3684210526315789,0.1447368421052631,1.5473684210526315,1.1842105263157894
study_042,league_season_repository,ligue_1,Ligue 1,2022,league_fingerprints_2022.csv,2026-07-23T08:21:44+00:00,380,20,1067,2.807894736842105,1.4894736842105265,1.318421052631579,0.1710526315789473,163,92,125,0.4289473684210526,0.2421052631578947,0.3289473684210526,0.5815789473684211,0.25,0.2368421052631578,0.0684210526315789,0.15,0.2184210526315789,0.2710526315789474,0.2921052631578947,0.3973684210526316,0.1473684210526315,1.5289473684210526,1.2289473684210526
study_042,league_season_repository,ligue_1,Ligue 1,2023,league_fingerprints_2023.csv,2026-07-23T08:21:44+00:00,306,18,826,2.6993464052287583,1.4477124183006536,1.2516339869281046,0.196078431372549,120,81,105,0.392156862745098,0.2647058823529412,0.3431372549019608,0.5392156862745098,0.3137254901960784,0.2352941176470588,0.088235294117647,0.1568627450980392,0.2254901960784313,0.2418300653594771,0.2875816993464052,0.3790849673202614,0.1372549019607843,1.4411764705882353,1.2941176470588236
study_042,league_season_repository,ligue_1,Ligue 1,2024,league_fingerprints_2024.csv,2026-07-23T08:21:44+00:00,306,18,911,2.977124183006536,1.607843137254902,1.369281045751634,0.238562091503268,143,62,101,0.4673202614379085,0.2026143790849673,0.3300653594771242,0.5686274509803921,0.2679738562091503,0.2091503267973856,0.0457516339869281,0.130718954248366,0.2679738562091503,0.2026143790849673,0.3529411764705882,0.326797385620915,0.1633986928104575,1.6045751633986929,1.19281045751634
study_042,league_season_repository,ligue_1,Ligue 1,2025,league_fingerprints_2025.csv,2026-07-23T08:21:44+00:00,305,18,863,2.829508196721312,1.5868852459016394,1.2426229508196722,0.3442622950819672,141,74,90,0.4622950819672131,0.2426229508196721,0.2950819672131147,0.5081967213114754,0.3377049180327869,0.2295081967213114,0.0754098360655737,0.1967213114754098,0.2,0.2,0.3278688524590163,0.3868852459016393,0.1770491803278688,1.6295081967213114,1.1278688524590164
study_042,league_season_repository,premier_league,Premier League,2021,league_fingerprints_2021.csv,2026-07-23T08:21:44+00:00,380,20,1071,2.818421052631579,1.513157894736842,1.305263157894737,0.2078947368421052,163,88,129,0.4289473684210526,0.231578947368421,0.3394736842105263,0.5,0.3131578947368421,0.2447368421052631,0.0578947368421052,0.1710526315789473,0.231578947368421,0.2131578947368421,0.3263157894736842,0.3605263157894737,0.2052631578947368,1.518421052631579,1.25
study_042,league_season_repository,premier_league,Premier League,2022,league_fingerprints_2022.csv,2026-07-23T08:21:44+00:00,380,20,1084,2.8526315789473684,1.6342105263157896,1.2184210526315788,0.4157894736842105,184,87,109,0.4842105263157895,0.2289473684210526,0.2868421052631579,0.5157894736842106,0.3289473684210526,0.2157894736842105,0.0605263157894736,0.1842105263157894,0.2289473684210526,0.2078947368421052,0.3184210526315789,0.3736842105263158,0.181578947368421,1.681578947368421,1.0894736842105264
study_042,league_season_repository,premier_league,Premier League,2023,league_fingerprints_2023.csv,2026-07-23T08:21:44+00:00,380,20,1246,3.278947368421053,1.8,1.4789473684210526,0.3210526315789473,175,82,123,0.4605263157894737,0.2157894736842105,0.3236842105263158,0.6157894736842106,0.2342105263157894,0.1789473684210526,0.0289473684210526,0.1105263157894736,0.2131578947368421,0.2105263157894736,0.4368421052631579,0.331578947368421,0.2,1.5973684210526315,1.186842105263158
study_042,league_season_repository,premier_league,Premier League,2024,league_fingerprints_2024.csv,2026-07-23T08:21:44+00:00,380,20,1115,2.9342105263157894,1.513157894736842,1.4210526315789471,0.0921052631578947,155,93,132,0.4078947368421052,0.2447368421052631,0.3473684210526316,0.5736842105263158,0.2289473684210526,0.2394736842105263,0.0421052631578947,0.1447368421052631,0.2473684210526315,0.2236842105263158,0.3421052631578947,0.3605263157894737,0.1684210526315789,1.4684210526315788,1.2868421052631578
study_042,league_season_repository,premier_league,Premier League,2025,league_fingerprints_2025.csv,2026-07-23T08:21:44+00:00,380,20,1045,2.75,1.5263157894736843,1.2236842105263157,0.3026315789473684,162,104,114,0.4263157894736842,0.2736842105263158,0.3,0.5605263157894737,0.2842105263157894,0.2263157894736842,0.0710526315789473,0.1394736842105263,0.2394736842105263,0.2657894736842105,0.2842105263157894,0.3763157894736842,0.1473684210526315,1.5526315789473684,1.173684210526316
study_042,league_season_repository,serie_a,Serie A,2021,league_fingerprints_2021.csv,2026-07-23T08:21:44+00:00,380,20,1089,2.8657894736842104,1.5026315789473683,1.363157894736842,0.1394736842105263,148,98,134,0.3894736842105263,0.2578947368421053,0.3526315789473684,0.5736842105263158,0.2763157894736842,0.2078947368421052,0.0578947368421052,0.1605263157894736,0.2236842105263158,0.231578947368421,0.3263157894736842,0.3973684210526316,0.1552631578947368,1.4263157894736842,1.3157894736842106
study_042,league_season_repository,serie_a,Serie A,2022,league_fingerprints_2022.csv,2026-07-23T08:21:44+00:00,380,20,974,2.5631578947368423,1.4131578947368422,1.15,0.2631578947368421,161,100,119,0.4236842105263158,0.2631578947368421,0.3131578947368421,0.5026315789473684,0.3052631578947368,0.2447368421052631,0.0526315789473684,0.1947368421052631,0.2973684210526315,0.2131578947368421,0.2421052631578947,0.3947368421052631,0.1236842105263157,1.5342105263157897,1.2026315789473685
study_042,league_season_repository,serie_a,Serie A,2023,league_fingerprints_2023.csv,2026-07-23T08:21:44+00:00,380,20,992,2.610526315789474,1.4342105263157894,1.1763157894736842,0.2578947368421053,159,112,109,0.4184210526315789,0.2947368421052631,0.2868421052631579,0.5236842105263158,0.3289473684210526,0.2263157894736842,0.0789473684210526,0.1763157894736842,0.2526315789473684,0.2289473684210526,0.2631578947368421,0.3789473684210526,0.1421052631578947,1.55,1.1552631578947368
study_042,league_season_repository,serie_a,Serie A,2024,league_fingerprints_2024.csv,2026-07-23T08:21:44+00:00,380,20,973,2.560526315789473,1.3394736842105264,1.2210526315789474,0.1184210526315789,151,108,121,0.3973684210526316,0.2842105263157894,0.3184210526315789,0.5157894736842106,0.2921052631578947,0.2657894736842105,0.0736842105263157,0.1868421052631579,0.2578947368421053,0.2210526315789473,0.2605263157894736,0.4157894736842105,0.131578947368421,1.4763157894736842,1.2394736842105265
study_042,league_season_repository,serie_a,Serie A,2025,league_fingerprints_2025.csv,2026-07-23T08:21:44+00:00,380,20,922,2.4263157894736844,1.2763157894736843,1.15,0.1263157894736842,148,99,133,0.3894736842105263,0.2605263157894736,0.35,0.4526315789473684,0.3289473684210526,0.3131578947368421,0.0947368421052631,0.2052631578947368,0.2421052631578947,0.2368421052631578,0.2210526315789473,0.4184210526315789,0.1289473684210526,1.4289473684210523,1.3105263157894738
